,gender,parental_level_of_education,test_preparation_course,math_score,reading_score,writing_score,race/ethnicity_group A,race/ethnicity_group B,race/ethnicity_group C,race/ethnicity_group D,race/ethnicity_group E,lunch_free/reduced,lunch_standard
0,0.0,4,1,72.0,72.0,74.0,0.0,1.0,0.0,0.0,0.0,0,1
1,0.0,3,0,69.0,90.0,88.0,0.0,0.0,1.0,0.0,0.0,0,1
2,0.0,5,1,90.0,95.0,93.0,0.0,1.0,0.0,0.0,0.0,0,1
3,1.0,2,1,47.0,57.0,44.0,1.0,0.0,0.0,0.0,0.0,1,0
4,1.0,3,1,76.0,78.0,75.0,0.0,0.0,1.0,0.0,0.0,0,1
5,0.0,2,1,71.0,83.0,78.0,0.0,1.0,0.0,0.0,0.0,0,1
6,0.0,3,0,88.0,95.0,92.0,0.0,1.0,0.0,0.0,0.0,0,1
7,1.0,3,1,40.0,43.0,39.0,0.0,1.0,0.0,0.0,0.0,1,0
8,1.0,1,0,64.0,64.0,67.0,0.0,0.0,0.0,1.0,0.0,1,0
9,0.0,1,1,38.0,60.0,50.0,0.0,1.0,0.0,0.0,0.0,1,0
10,1.0,2,1,58.0,54.0,52.0,0.0,0.0,1.0,0.0,0.0,0,1
11,1.0,2,1,40.0,52.0,43.0,0.0,0.0,0.0,1.0,0.0,0,1
12,0.0,1,1,65.0,81.0,73.0,0.0,1.0,0.0,0.0,0.0,0,1
13,1.0,3,0,78.0,72.0,70.0,1.0,0.0,0.0,0.0,0.0,0,1
14,0.0,5,1,50.0,53.0,58.0,1.0,0.0,0.0,0.0,0.0,0,1
15,0.0,0,1,69.0,75.0,78.0,0.0,0.0,1.0,0.0,0.0,0,1
16,1.0,1,1,88.0,89.0,86.0,0.0,0.0,1.0,0.0,0.0,0,1
18,1.0,5,0,46.0,42.0,46.0,0.0,0.0,1.0,0.0,0.0,1,0
19,0.0,2,1,54.0,58.0,61.0,0.0,0.0,0.0,1.0,0.0,1,0
20,1.0,1,1,66.0,69.0,63.0,0.0,1.0,0.0,0.0,0.0,0,1
21,0.0,3,0,65.0,75.0,70.0,0.0,0.0,0.0,1.0,0.0,1,0
22,1.0,3,1,44.0,54.0,53.0,0.0,0.0,1.0,0.0,0.0,0,1
23,0.0,0,1,69.0,73.0,73.0,0.0,0.0,0.0,1.0,0.0,0,1
24,1.0,4,0,74.0,71.0,80.0,1.0,0.0,0.0,0.0,0.0,1,0
25,1.0,5,1,73.0,74.0,72.0,0.0,1.0,0.0,0.0,0.0,1,0
26,1.0,3,1,69.0,54.0,55.0,0.0,0.0,1.0,0.0,0.0,0,1
27,0.0,4,1,67.0,69.0,75.0,0.0,0.0,1.0,0.0,0.0,0,1
28,1.0,1,1,70.0,70.0,65.0,0.0,0.0,0.0,1.0,0.0,0,1
29,0.0,5,1,62.0,70.0,75.0,0.0,0.0,0.0,1.0,0.0,0,1
30,0.0,3,1,69.0,74.0,74.0,0.0,1.0,0.0,0.0,0.0,0,1
31,0.0,3,1,63.0,65.0,61.0,0.0,0.0,0.0,0.0,1.0,0,1
32,0.0,5,1,56.0,72.0,65.0,0.0,0.0,0.0,1.0,0.0,1,0
33,1.0,3,1,40.0,42.0,38.0,0.0,0.0,0.0,0.0,1.0,0,1
34,1.0,3,1,97.0,87.0,82.0,0.0,0.0,0.0,0.0,1.0,0,1
35,1.0,2,0,81.0,81.0,79.0,0.0,0.0,0.0,1.0,0.0,0,1
36,0.0,2,1,74.0,81.0,83.0,0.0,0.0,0.0,1.0,0.0,0,1
37,0.0,0,1,50.0,64.0,59.0,0.0,0.0,0.0,1.0,0.0,1,0
38,0.0,2,0,75.0,90.0,88.0,0.0,1.0,0.0,0.0,0.0,1,0
39,1.0,2,1,57.0,56.0,57.0,0.0,0.0,1.0,0.0,0.0,1,0
40,1.0,2,1,55.0,61.0,54.0,0.0,0.0,1.0,0.0,0.0,1,0
41,0.0,2,1,58.0,73.0,68.0,0.0,1.0,0.0,0.0,0.0,0,1
42,0.0,2,1,53.0,58.0,65.0,0.0,1.0,0.0,0.0,0.0,0,1
43,1.0,3,0,59.0,65.0,66.0,0.0,0.0,0.0,0.0,1.0,1,0
44,0.0,2,1,50.0,56.0,54.0,0.0,1.0,0.0,0.0,0.0,1,0
45,1.0,2,1,65.0,54.0,57.0,1.0,0.0,0.0,0.0,0.0,0,1
46,0.0,2,0,55.0,65.0,62.0,0.0,0.0,1.0,0.0,0.0,0,1
47,0.0,1,1,66.0,71.0,76.0,0.0,0.0,0.0,1.0,0.0,0,1
48,0.0,2,0,57.0,74.0,76.0,0.0,0.0,1.0,0.0,0.0,1,0
49,1.0,1,0,82.0,84.0,82.0,0.0,0.0,0.0,0.0,1.0,0,1
50,1.0,3,1,53.0,55.0,48.0,0.0,0.0,0.0,0.0,1.0,0,1
51,1.0,2,0,77.0,69.0,68.0,0.0,0.0,1.0,0.0,0.0,1,0
52,1.0,3,1,53.0,44.0,42.0,0.0,0.0,0.0,1.0,0.0,0,1
53,1.0,1,1,88.0,78.0,75.0,0.0,0.0,1.0,0.0,0.0,0,1
54,0.0,0,0,71.0,84.0,87.0,0.0,0.0,1.0,0.0,0.0,1,0
55,0.0,1,1,33.0,41.0,43.0,0.0,0.0,0.0,0.0,1.0,1,0
56,0.0,2,0,82.0,85.0,86.0,0.0,0.0,0.0,1.0,0.0,0,1
57,1.0,2,1,52.0,55.0,49.0,0.0,0.0,0.0,1.0,0.0,0,1
58,1.0,3,0,58.0,59.0,58.0,0.0,0.0,0.0,0.0,1.0,0,1
60,1.0,4,0,79.0,74.0,72.0,1.0,0.0,0.0,0.0,0.0,1,0
61,1.0,0,1,39.0,39.0,34.0,0.0,0.0,1.0,0.0,0.0,1,0
62,1.0,2,1,62.0,61.0,55.0,0.0,0.0,0.0,1.0,0.0,1,0
63,0.0,2,1,69.0,80.0,71.0,0.0,1.0,0.0,0.0,0.0,0,1
64,0.0,0,1,59.0,58.0,59.0,0.0,0.0,0.0,1.0,0.0,0,1
65,1.0,0,1,67.0,64.0,61.0,0.0,0.0,1.0,0.0,0.0,0,1
66,1.0,0,1,45.0,37.0,37.0,0.0,1.0,0.0,0.0,0.0,1,0
67,0.0,3,1,60.0,72.0,74.0,0.0,0.0,1.0,0.0,0.0,0,1
68,1.0,2,1,61.0,58.0,56.0,0.0,0.0,0.0,1.0,0.0,1,0
69,0.0,2,1,39.0,64.0,57.0,0.0,0.0,0.0,1.0,0.0,0,1
70,0.0,3,0,58.0,63.0,73.0,1.0,0.0,0.0,0.0,0.0,1,0
71,1.0,3,0,63.0,55.0,63.0,0.0,0.0,1.0,0.0,0.0,0,1
72,0.0,2,1,41.0,51.0,48.0,0.0,0.0,1.0,0.0,0.0,1,0
73,1.0,0,1,61.0,57.0,56.0,0.0,1.0,0.0,0.0,0.0,1,0
74,1.0,0,1,49.0,49.0,41.0,1.0,0.0,0.0,0.0,0.0,0,1
75,1.0,2,1,44.0,41.0,38.0,0.0,0.0,0.0,1.0,0.0,1,0
77,1.0,4,0,80.0,78.0,81.0,0.0,1.0,0.0,0.0,0.0,0,1
78,0.0,0,0,61.0,74.0,72.0,0.0,1.0,0.0,0.0,0.0,0,1
79,0.0,5,1,62.0,68.0,68.0,1.0,0.0,0.0,0.0,0.0,0,1
80,0.0,2,1,47.0,49.0,50.0,0.0,0.0,0.0,0.0,1.0,0,1
81,1.0,1,1,49.0,45.0,45.0,0.0,0.0,0.0,1.0,0.0,1,0
82,1.0,3,0,50.0,47.0,54.0,0.0,0.0,1.0,0.0,0.0,1,0
83,1.0,2,1,72.0,64.0,63.0,0.0,0.0,1.0,0.0,0.0,0,1
84,1.0,1,1,42.0,39.0,34.0,0.0,0.0,0.0,1.0,0.0,1,0
85,0.0,3,1,73.0,80.0,82.0,1.0,0.0,0.0,0.0,0.0,0,1
86,0.0,3,1,76.0,83.0,88.0,0.0,0.0,0.0,1.0,0.0,1,0
87,0.0,2,1,71.0,71.0,74.0,0.0,0.0,1.0,0.0,0.0,0,1
88,0.0,3,1,58.0,70.0,67.0,0.0,0.0,1.0,0.0,0.0,0,1
89,0.0,0,1,73.0,86.0,82.0,0.0,0.0,1.0,0.0,0.0,0,1
90,0.0,4,1,65.0,72.0,74.0,0.0,0.0,1.0,0.0,0.0,0,1
91,1.0,1,1,27.0,34.0,36.0,0.0,1.0,0.0,0.0,0.0,1,0
92,1.0,1,1,71.0,79.0,71.0,0.0,0.0,1.0,0.0,0.0,0,1
93,1.0,2,0,43.0,45.0,50.0,0.0,1.0,0.0,0.0,0.0,1,0
94,0.0,3,1,79.0,86.0,92.0,0.0,0.0,0.0,0.0,1.0,0,1
95,1.0,2,0,78.0,81.0,82.0,0.0,0.0,0.0,1.0,0.0,1,0
96,1.0,0,0,65.0,66.0,62.0,0.0,0.0,0.0,1.0,0.0,0,1
97,0.0,3,0,63.0,72.0,70.0,0.0,1.0,0.0,0.0,0.0,0,1
98,0.0,3,1,58.0,67.0,62.0,0.0,0.0,0.0,1.0,0.0,1,0
99,0.0,4,1,65.0,67.0,62.0,0.0,0.0,0.0,1.0,0.0,0,1
100,1.0,3,1,79.0,67.0,67.0,0.0,1.0,0.0,0.0,0.0,0,1
101,1.0,4,0,68.0,74.0,74.0,0.0,0.0,1.0,0.0,0.0,0,1
102,0.0,2,1,85.0,91.0,89.0,0.0,0.0,1.0,0.0,0.0,0,1
103,1.0,1,0,60.0,44.0,47.0,0.0,0.0,0.0,1.0,0.0,0,1
104,1.0,3,0,98.0,86.0,90.0,0.0,0.0,0.0,0.0,1.0,0,1
105,0.0,3,1,58.0,67.0,72.0,0.0,1.0,0.0,0.0,0.0,0,1
106,0.0,5,1,87.0,100.0,100.0,0.0,1.0,0.0,0.0,0.0,0,1
107,1.0,2,0,66.0,63.0,64.0,0.0,0.0,0.0,1.0,0.0,0,1
108,0.0,2,1,52.0,76.0,70.0,0.0,0.0,1.0,0.0,0.0,1,0
109,0.0,0,1,70.0,64.0,72.0,1.0,0.0,0.0,0.0,0.0,0,1
110,0.0,2,0,77.0,89.0,98.0,0.0,0.0,0.0,1.0,0.0,1,0
111,1.0,1,1,62.0,55.0,49.0,0.0,0.0,0.0,0.0,1.0,0,1
112,1.0,2,1,54.0,53.0,47.0,0.0,0.0,1.0,0.0,0.0,0,1
113,0.0,3,1,51.0,58.0,54.0,0.0,1.0,0.0,0.0,0.0,0,1
114,0.0,4,0,99.0,100.0,100.0,0.0,0.0,0.0,1.0,0.0,0,1
115,1.0,1,1,84.0,77.0,74.0,0.0,0.0,0.0,1.0,0.0,0,1
116,0.0,4,1,75.0,85.0,82.0,0.0,0.0,1.0,0.0,0.0,1,0
117,0.0,4,1,78.0,82.0,79.0,0.0,0.0,1.0,0.0,0.0,0,1
118,0.0,0,1,51.0,63.0,61.0,0.0,1.0,0.0,0.0,0.0,0,1
119,0.0,3,1,55.0,69.0,65.0,0.0,0.0,1.0,0.0,0.0,0,1
120,0.0,4,0,79.0,92.0,89.0,0.0,0.0,0.0,1.0,0.0,0,1
121,1.0,2,0,91.0,89.0,92.0,0.0,0.0,0.0,0.0,1.0,0,1
122,0.0,3,0,88.0,93.0,93.0,0.0,1.0,0.0,0.0,0.0,0,1
123,1.0,1,1,63.0,57.0,56.0,0.0,1.0,0.0,0.0,0.0,1,0
124,1.0,3,1,83.0,80.0,73.0,0.0,0.0,0.0,1.0,0.0,0,1
125,0.0,1,1,87.0,95.0,86.0,0.0,0.0,0.0,1.0,0.0,0,1
126,1.0,0,1,72.0,68.0,67.0,1.0,0.0,0.0,0.0,0.0,0,1
127,1.0,3,0,65.0,77.0,74.0,0.0,0.0,0.0,1.0,0.0,0,1
128,1.0,5,1,82.0,82.0,74.0,0.0,0.0,1.0,0.0,0.0,0,1
129,0.0,4,1,51.0,49.0,51.0,0.0,0.0,0.0,0.0,1.0,0,1
130,1.0,5,1,89.0,84.0,82.0,0.0,0.0,1.0,0.0,0.0,0,1
131,1.0,0,0,53.0,37.0,40.0,0.0,0.0,0.0,1.0,0.0,1,0
132,1.0,3,0,87.0,74.0,70.0,0.0,0.0,1.0,0.0,0.0,1,0
133,0.0,3,0,75.0,81.0,84.0,0.0,1.0,0.0,0.0,0.0,0,1
134,1.0,4,0,74.0,79.0,75.0,0.0,0.0,0.0,0.0,1.0,1,0
135,1.0,4,1,58.0,55.0,48.0,0.0,0.0,1.0,0.0,0.0,0,1
136,1.0,0,0,51.0,54.0,41.0,0.0,0.0,0.0,1.0,0.0,0,1
137,1.0,1,1,70.0,55.0,56.0,0.0,0.0,0.0,1.0,0.0,0,1
138,0.0,2,1,59.0,66.0,67.0,0.0,0.0,1.0,0.0,0.0,0,1
139,1.0,3,0,71.0,61.0,69.0,0.0,0.0,0.0,0.0,1.0,0,1
140,0.0,0,1,76.0,72.0,71.0,1.0,0.0,0.0,0.0,0.0,0,1
141,0.0,3,1,59.0,62.0,64.0,0.0,0.0,0.0,1.0,0.0,1,0
142,0.0,3,0,42.0,55.0,54.0,0.0,1.0,0.0,0.0,0.0,1,0
143,1.0,1,1,57.0,43.0,47.0,0.0,0.0,1.0,0.0,0.0,0,1
144,1.0,3,1,88.0,73.0,78.0,0.0,0.0,0.0,1.0,0.0,0,1
146,1.0,0,1,88.0,84.0,75.0,1.0,0.0,0.0,0.0,0.0,0,1
147,1.0,2,1,73.0,68.0,66.0,1.0,0.0,0.0,0.0,0.0,1,0
148,0.0,4,0,68.0,75.0,81.0,0.0,1.0,0.0,0.0,0.0,0,1
149,1.0,2,0,100.0,100.0,93.0,0.0,0.0,0.0,1.0,0.0,1,0
150,1.0,0,0,62.0,67.0,69.0,0.0,0.0,0.0,1.0,0.0,0,1
151,1.0,4,1,77.0,67.0,68.0,0.0,0.0,1.0,0.0,0.0,0,1
152,0.0,2,0,59.0,70.0,66.0,0.0,0.0,0.0,0.0,1.0,0,1
153,1.0,4,1,54.0,49.0,47.0,0.0,1.0,0.0,0.0,0.0,0,1
154,1.0,0,1,62.0,67.0,61.0,0.0,1.0,0.0,0.0,0.0,0,1
155,0.0,3,0,70.0,89.0,88.0,0.0,0.0,0.0,1.0,0.0,0,1
156,0.0,1,0,66.0,74.0,78.0,0.0,1.0,0.0,0.0,0.0,1,0
157,1.0,3,1,60.0,60.0,60.0,0.0,0.0,0.0,0.0,1.0,1,0
158,0.0,2,0,61.0,86.0,87.0,0.0,1.0,0.0,0.0,0.0,0,1
159,1.0,2,1,66.0,62.0,64.0,0.0,0.0,1.0,0.0,0.0,1,0
160,1.0,2,0,82.0,78.0,74.0,0.0,0.0,0.0,0.0,1.0,1,0
161,0.0,3,0,75.0,88.0,85.0,0.0,0.0,1.0,0.0,0.0,1,0
162,1.0,5,1,49.0,53.0,52.0,0.0,0.0,1.0,0.0,0.0,1,0
163,1.0,1,1,52.0,53.0,49.0,0.0,1.0,0.0,0.0,0.0,0,1
164,0.0,5,1,81.0,92.0,91.0,0.0,1.0,0.0,0.0,0.0,0,1
165,0.0,4,0,96.0,100.0,100.0,0.0,0.0,1.0,0.0,0.0,0,1
166,1.0,1,0,53.0,51.0,51.0,1.0,0.0,0.0,0.0,0.0,1,0
167,0.0,5,0,58.0,76.0,78.0,0.0,0.0,0.0,0.0,1.0,1,0
168,0.0,1,0,68.0,83.0,78.0,0.0,0.0,0.0,1.0,0.0,0,1
169,0.0,3,0,67.0,75.0,70.0,0.0,0.0,1.0,0.0,0.0,1,0
170,1.0,1,0,72.0,73.0,74.0,0.0,0.0,1.0,0.0,0.0,0,1
171,1.0,0,1,94.0,88.0,78.0,0.0,0.0,1.0,0.0,0.0,0,1
172,0.0,3,1,79.0,86.0,81.0,0.0,1.0,0.0,0.0,0.0,0,1
173,0.0,2,1,63.0,67.0,70.0,0.0,0.0,1.0,0.0,0.0,0,1
174,0.0,4,0,43.0,51.0,54.0,0.0,1.0,0.0,0.0,0.0,1,0
175,0.0,5,0,81.0,91.0,87.0,0.0,0.0,0.0,1.0,0.0,0,1
176,0.0,1,0,46.0,54.0,58.0,0.0,0.0,1.0,0.0,0.0,1,0
177,0.0,2,0,71.0,77.0,77.0,0.0,0.0,1.0,0.0,0.0,0,1
178,0.0,5,0,52.0,70.0,62.0,0.0,0.0,0.0,0.0,1.0,1,0
179,0.0,0,0,97.0,100.0,100.0,0.0,0.0,0.0,1.0,0.0,0,1
180,1.0,5,0,62.0,68.0,75.0,0.0,0.0,1.0,0.0,0.0,1,0
181,0.0,3,1,46.0,64.0,66.0,0.0,0.0,1.0,0.0,0.0,1,0
182,0.0,1,1,50.0,50.0,47.0,0.0,0.0,0.0,0.0,1.0,0,1
183,0.0,2,1,65.0,69.0,70.0,0.0,0.0,0.0,1.0,0.0,0,1
184,1.0,0,0,45.0,52.0,49.0,0.0,1.0,0.0,0.0,0.0,1,0
185,1.0,2,0,65.0,67.0,65.0,0.0,0.0,1.0,0.0,0.0,1,0
186,1.0,1,1,80.0,76.0,65.0,0.0,0.0,0.0,0.0,1.0,0,1
187,1.0,0,0,62.0,66.0,68.0,0.0,0.0,0.0,1.0,0.0,0,1
188,1.0,0,1,48.0,52.0,45.0,0.0,1.0,0.0,0.0,0.0,1,0
189,0.0,4,1,77.0,88.0,87.0,0.0,0.0,0.0,1.0,0.0,0,1
190,0.0,2,1,66.0,65.0,69.0,0.0,0.0,1.0,0.0,0.0,0,1
191,1.0,3,0,76.0,83.0,79.0,0.0,0.0,0.0,1.0,0.0,0,1
192,0.0,0,1,62.0,64.0,66.0,0.0,0.0,1.0,0.0,0.0,0,1
193,1.0,3,0,77.0,62.0,62.0,0.0,0.0,0.0,0.0,1.0,0,1
194,0.0,5,0,69.0,84.0,85.0,0.0,1.0,0.0,0.0,0.0,0,1
195,1.0,2,1,61.0,55.0,52.0,0.0,1.0,0.0,0.0,0.0,0,1
196,1.0,0,0,59.0,69.0,65.0,0.0,0.0,1.0,0.0,0.0,1,0
197,1.0,1,1,55.0,56.0,51.0,0.0,0.0,0.0,1.0,0.0,1,0
198,0.0,3,1,45.0,53.0,55.0,0.0,0.0,1.0,0.0,0.0,1,0
199,0.0,4,1,78.0,79.0,76.0,0.0,1.0,0.0,0.0,0.0,1,0
200,0.0,2,0,67.0,84.0,86.0,0.0,0.0,1.0,0.0,0.0,0,1
201,0.0,3,1,65.0,81.0,77.0,0.0,0.0,0.0,1.0,0.0,1,0
202,1.0,2,1,69.0,77.0,69.0,0.0,0.0,0.0,0.0,1.0,0,1
203,0.0,2,1,57.0,69.0,68.0,0.0,0.0,0.0,0.0,1.0,0,1
204,1.0,3,1,59.0,41.0,42.0,0.0,1.0,0.0,0.0,0.0,0,1
205,1.0,0,0,74.0,71.0,78.0,0.0,1.0,0.0,0.0,0.0,0,1
206,1.0,4,1,82.0,62.0,62.0,0.0,0.0,0.0,1.0,0.0,0,1
207,1.0,1,0,81.0,80.0,76.0,0.0,0.0,1.0,0.0,0.0,0,1
208,0.0,3,1,74.0,81.0,76.0,0.0,0.0,1.0,0.0,0.0,1,0
209,0.0,3,1,58.0,61.0,66.0,0.0,0.0,1.0,0.0,0.0,1,0
210,1.0,0,0,80.0,79.0,79.0,0.0,0.0,0.0,0.0,1.0,1,0
211,1.0,3,1,35.0,28.0,27.0,0.0,1.0,0.0,0.0,0.0,1,0
212,0.0,1,1,42.0,62.0,60.0,0.0,0.0,0.0,0.0,1.0,1,0
213,1.0,2,0,60.0,51.0,56.0,0.0,0.0,1.0,0.0,0.0,1,0
214,1.0,1,0,87.0,91.0,81.0,0.0,1.0,0.0,0.0,0.0,0,1
215,1.0,0,0,84.0,83.0,75.0,0.0,1.0,0.0,0.0,0.0,0,1
216,0.0,2,0,83.0,86.0,88.0,0.0,0.0,0.0,1.0,0.0,1,0
217,0.0,1,1,34.0,42.0,39.0,0.0,1.0,0.0,0.0,0.0,1,0
218,1.0,1,1,66.0,77.0,70.0,0.0,0.0,1.0,0.0,0.0,1,0
219,1.0,0,0,61.0,56.0,56.0,0.0,0.0,0.0,1.0,0.0,0,1
220,0.0,1,0,56.0,68.0,74.0,0.0,1.0,0.0,0.0,0.0,0,1
221,1.0,2,1,87.0,85.0,73.0,0.0,0.0,0.0,0.0,1.0,0,1
222,0.0,0,1,55.0,65.0,62.0,0.0,0.0,1.0,0.0,0.0,1,0
223,1.0,0,1,86.0,80.0,75.0,0.0,0.0,0.0,1.0,0.0,0,1
224,0.0,2,0,52.0,66.0,73.0,1.0,0.0,0.0,0.0,0.0,0,1
225,0.0,5,1,45.0,56.0,54.0,0.0,0.0,1.0,0.0,0.0,1,0
226,0.0,3,1,72.0,72.0,71.0,0.0,0.0,0.0,1.0,0.0,0,1
227,1.0,1,1,57.0,50.0,54.0,0.0,0.0,1.0,0.0,0.0,0,1
228,1.0,0,1,68.0,72.0,64.0,0.0,1.0,0.0,0.0,0.0,1,0
229,0.0,3,0,88.0,95.0,94.0,0.0,0.0,0.0,0.0,1.0,0,1
230,1.0,3,1,76.0,64.0,66.0,0.0,0.0,1.0,0.0,0.0,0,1
231,1.0,2,1,46.0,43.0,42.0,0.0,0.0,0.0,1.0,0.0,0,1
232,0.0,4,1,67.0,86.0,83.0,0.0,0.0,0.0,1.0,0.0,0,1
233,1.0,0,1,92.0,87.0,78.0,0.0,0.0,0.0,1.0,0.0,0,1
234,1.0,4,0,83.0,82.0,84.0,0.0,1.0,0.0,0.0,0.0,0,1
235,1.0,2,1,80.0,75.0,77.0,0.0,0.0,1.0,0.0,0.0,0,1
236,1.0,4,1,63.0,66.0,67.0,0.0,0.0,0.0,1.0,0.0,1,0
237,0.0,0,0,64.0,60.0,74.0,0.0,0.0,0.0,0.0,1.0,0,1
238,1.0,3,1,54.0,52.0,51.0,0.0,0.0,0.0,1.0,0.0,0,1
239,1.0,2,1,84.0,80.0,80.0,0.0,0.0,0.0,0.0,1.0,0,1
240,1.0,1,0,73.0,68.0,66.0,0.0,0.0,0.0,1.0,0.0,1,0
241,0.0,4,1,80.0,83.0,83.0,0.0,0.0,1.0,0.0,0.0,0,1
242,0.0,1,1,56.0,52.0,55.0,0.0,0.0,0.0,0.0,1.0,0,1
243,1.0,3,1,59.0,51.0,43.0,0.0,1.0,0.0,0.0,0.0,0,1
244,1.0,0,1,75.0,74.0,69.0,0.0,1.0,0.0,0.0,0.0,0,1
245,1.0,2,1,85.0,76.0,71.0,0.0,0.0,1.0,0.0,0.0,0,1
246,1.0,2,1,89.0,76.0,74.0,1.0,0.0,0.0,0.0,0.0,0,1
247,0.0,1,0,58.0,70.0,68.0,0.0,0.0,0.0,1.0,0.0,0,1
248,0.0,1,1,65.0,64.0,62.0,0.0,1.0,0.0,0.0,0.0,0,1
249,1.0,1,1,68.0,60.0,53.0,0.0,0.0,0.0,1.0,0.0,0,1
250,1.0,0,0,47.0,49.0,49.0,0.0,0.0,0.0,1.0,0.0,0,1
251,0.0,3,1,71.0,83.0,83.0,0.0,0.0,0.0,0.0,1.0,1,0
252,0.0,0,0,60.0,70.0,70.0,0.0,0.0,1.0,0.0,0.0,0,1
253,1.0,5,1,80.0,80.0,72.0,0.0,0.0,1.0,0.0,0.0,0,1
254,1.0,1,1,54.0,52.0,52.0,0.0,1.0,0.0,0.0,0.0,0,1
255,0.0,3,1,62.0,73.0,70.0,0.0,0.0,1.0,0.0,0.0,0,1
256,0.0,2,1,64.0,73.0,68.0,0.0,0.0,1.0,0.0,0.0,1,0
257,1.0,2,0,78.0,77.0,77.0,0.0,0.0,1.0,0.0,0.0,0,1
258,0.0,3,1,70.0,75.0,78.0,0.0,0.0,1.0,0.0,0.0,0,1
259,0.0,5,0,65.0,81.0,81.0,0.0,0.0,0.0,0.0,1.0,1,0
260,0.0,0,0,64.0,79.0,77.0,0.0,0.0,0.0,1.0,0.0,1,0
261,1.0,3,0,79.0,79.0,78.0,0.0,0.0,0.0,1.0,0.0,0,1
262,0.0,0,1,44.0,50.0,51.0,0.0,0.0,1.0,0.0,0.0,1,0
263,0.0,1,1,99.0,93.0,90.0,0.0,0.0,0.0,1.0,0.0,0,1
264,1.0,1,1,76.0,73.0,68.0,0.0,0.0,0.0,1.0,0.0,0,1
265,1.0,0,1,59.0,42.0,41.0,0.0,0.0,0.0,0.0,1.0,1,0
266,0.0,4,1,63.0,75.0,81.0,0.0,0.0,1.0,0.0,0.0,0,1
267,0.0,1,1,69.0,72.0,77.0,0.0,0.0,1.0,0.0,0.0,0,1
268,0.0,2,0,88.0,92.0,95.0,0.0,0.0,0.0,1.0,0.0,0,1
269,0.0,3,1,71.0,76.0,70.0,0.0,0.0,0.0,1.0,0.0,1,0
270,1.0,4,1,69.0,63.0,61.0,0.0,1.0,0.0,0.0,0.0,0,1
271,1.0,3,1,58.0,49.0,42.0,0.0,0.0,1.0,0.0,0.0,0,1
272,0.0,2,1,47.0,53.0,58.0,0.0,0.0,1.0,0.0,0.0,1,0
273,0.0,3,1,65.0,70.0,71.0,0.0,0.0,0.0,0.0,1.0,0,1
274,1.0,3,0,88.0,85.0,76.0,0.0,0.0,1.0,0.0,0.0,0,1
275,1.0,4,1,83.0,78.0,73.0,0.0,1.0,0.0,0.0,0.0,0,1
276,0.0,0,0,85.0,92.0,93.0,0.0,0.0,0.0,1.0,0.0,0,1
277,0.0,1,0,59.0,63.0,75.0,0.0,0.0,0.0,1.0,0.0,0,1
278,0.0,0,1,65.0,86.0,80.0,0.0,0.0,0.0,1.0,0.0,1,0
279,1.0,4,1,73.0,56.0,57.0,0.0,0.0,0.0,1.0,0.0,1,0
280,1.0,1,1,53.0,52.0,42.0,0.0,1.0,0.0,0.0,0.0,0,1
281,1.0,1,1,45.0,48.0,46.0,0.0,1.0,0.0,0.0,0.0,0,1
282,0.0,4,1,73.0,79.0,84.0,0.0,0.0,0.0,0.0,1.0,1,0
283,0.0,3,0,70.0,78.0,78.0,0.0,1.0,0.0,0.0,0.0,1,0
284,0.0,0,1,37.0,46.0,46.0,0.0,1.0,0.0,0.0,0.0,0,1
285,1.0,2,0,81.0,82.0,82.0,0.0,0.0,0.0,0.0,1.0,0,1
286,1.0,2,0,97.0,82.0,88.0,0.0,0.0,1.0,0.0,0.0,0,1
287,0.0,0,1,67.0,89.0,82.0,0.0,0.0,0.0,1.0,0.0,0,1
288,1.0,4,1,88.0,75.0,76.0,0.0,0.0,1.0,0.0,0.0,1,0
289,1.0,0,0,77.0,76.0,77.0,0.0,0.0,0.0,0.0,1.0,0,1
290,1.0,2,1,76.0,70.0,68.0,0.0,0.0,0.0,1.0,0.0,0,1
291,1.0,0,1,86.0,73.0,70.0,0.0,1.0,0.0,0.0,0.0,0,1
292,1.0,0,0,63.0,60.0,57.0,1.0,0.0,0.0,0.0,0.0,0,1
293,0.0,4,1,65.0,73.0,75.0,0.0,0.0,0.0,0.0,1.0,0,1
294,1.0,1,0,78.0,77.0,80.0,0.0,0.0,1.0,0.0,0.0,1,0
295,1.0,2,1,67.0,62.0,60.0,0.0,0.0,0.0,1.0,0.0,1,0
296,1.0,0,0,46.0,41.0,43.0,1.0,0.0,0.0,0.0,0.0,0,1
297,1.0,2,0,71.0,74.0,68.0,0.0,0.0,0.0,1.0,0.0,0,1
298,1.0,1,0,40.0,46.0,50.0,0.0,0.0,1.0,0.0,0.0,1,0
299,1.0,2,1,90.0,87.0,75.0,0.0,1.0,0.0,0.0,0.0,1,0
300,1.0,3,0,81.0,78.0,81.0,0.0,0.0,1.0,0.0,0.0,1,0
301,1.0,0,1,56.0,54.0,52.0,1.0,0.0,0.0,0.0,0.0,1,0
302,0.0,2,0,67.0,84.0,81.0,0.0,0.0,0.0,0.0,1.0,0,1
303,1.0,2,1,80.0,76.0,64.0,0.0,0.0,1.0,0.0,0.0,0,1
304,0.0,2,0,74.0,75.0,83.0,0.0,1.0,0.0,0.0,0.0,0,1
305,1.0,3,1,69.0,67.0,69.0,0.0,0.0,0.0,1.0,0.0,0,1
306,1.0,3,0,99.0,87.0,81.0,0.0,1.0,0.0,0.0,0.0,0,1
307,1.0,0,1,51.0,52.0,44.0,0.0,1.0,0.0,0.0,0.0,0,1
308,0.0,2,1,53.0,71.0,67.0,0.0,0.0,0.0,1.0,0.0,1,0
309,0.0,1,1,49.0,57.0,52.0,0.0,0.0,1.0,0.0,0.0,1,0
310,0.0,2,1,73.0,76.0,80.0,0.0,0.0,1.0,0.0,0.0,0,1
311,1.0,4,1,66.0,60.0,57.0,0.0,0.0,1.0,0.0,0.0,0,1
312,1.0,4,0,67.0,61.0,68.0,0.0,0.0,0.0,1.0,0.0,0,1
313,0.0,2,0,68.0,67.0,69.0,0.0,0.0,1.0,0.0,0.0,1,0
314,0.0,4,0,59.0,64.0,75.0,0.0,1.0,0.0,0.0,0.0,0,1
315,1.0,1,1,71.0,66.0,65.0,0.0,0.0,0.0,1.0,0.0,0,1
316,0.0,5,0,77.0,82.0,91.0,0.0,0.0,1.0,0.0,0.0,0,1
317,1.0,2,1,83.0,72.0,78.0,0.0,0.0,0.0,0.0,1.0,0,1
318,1.0,4,1,63.0,71.0,69.0,0.0,0.0,1.0,0.0,0.0,0,1
319,0.0,2,1,56.0,65.0,63.0,0.0,0.0,1.0,0.0,0.0,1,0
320,0.0,1,0,67.0,79.0,84.0,0.0,0.0,1.0,0.0,0.0,1,0
321,0.0,1,1,75.0,86.0,79.0,0.0,0.0,1.0,0.0,0.0,0,1
322,0.0,3,1,71.0,81.0,80.0,0.0,0.0,1.0,0.0,0.0,0,1
323,0.0,0,1,43.0,53.0,53.0,0.0,0.0,1.0,0.0,0.0,1,0
324,0.0,1,1,41.0,46.0,43.0,0.0,1.0,0.0,0.0,0.0,1,0
325,0.0,3,1,82.0,90.0,94.0,0.0,0.0,1.0,0.0,0.0,0,1
326,1.0,3,1,61.0,61.0,62.0,0.0,0.0,1.0,0.0,0.0,0,1
328,1.0,2,0,82.0,75.0,77.0,0.0,1.0,0.0,0.0,0.0,0,1
329,0.0,0,1,41.0,55.0,51.0,0.0,0.0,1.0,0.0,0.0,0,1
330,1.0,1,1,71.0,60.0,61.0,0.0,1.0,0.0,0.0,0.0,0,1
331,1.0,2,1,47.0,37.0,35.0,0.0,0.0,0.0,1.0,0.0,0,1
332,1.0,2,0,62.0,56.0,53.0,0.0,0.0,1.0,0.0,0.0,0,1
333,1.0,2,1,90.0,78.0,81.0,0.0,0.0,0.0,1.0,0.0,0,1
334,0.0,4,1,83.0,93.0,95.0,0.0,0.0,1.0,0.0,0.0,0,1
335,0.0,3,1,61.0,68.0,66.0,0.0,0.0,1.0,0.0,0.0,1,0
336,1.0,0,0,76.0,70.0,69.0,0.0,1.0,0.0,0.0,0.0,0,1
337,1.0,2,1,49.0,51.0,43.0,0.0,0.0,0.0,1.0,0.0,0,1
339,0.0,0,0,35.0,55.0,60.0,0.0,0.0,1.0,0.0,0.0,1,0
340,1.0,1,1,58.0,61.0,52.0,0.0,1.0,0.0,0.0,0.0,1,0
341,0.0,1,1,61.0,73.0,63.0,0.0,0.0,1.0,0.0,0.0,0,1
342,0.0,1,0,69.0,76.0,74.0,0.0,0.0,0.0,1.0,0.0,0,1
343,1.0,2,0,67.0,72.0,67.0,0.0,0.0,0.0,0.0,1.0,0,1
344,1.0,3,1,79.0,73.0,67.0,0.0,1.0,0.0,0.0,0.0,0,1
345,0.0,1,1,72.0,80.0,75.0,0.0,0.0,0.0,0.0,1.0,0,1
346,1.0,3,1,62.0,61.0,57.0,0.0,0.0,1.0,0.0,0.0,0,1
347,0.0,4,0,77.0,94.0,95.0,0.0,0.0,1.0,0.0,0.0,0,1
348,1.0,1,1,75.0,74.0,66.0,0.0,0.0,1.0,0.0,0.0,1,0
349,1.0,2,1,87.0,74.0,76.0,0.0,1.0,0.0,0.0,0.0,0,1
350,0.0,4,1,52.0,65.0,69.0,1.0,0.0,0.0,0.0,0.0,0,1
351,1.0,3,1,66.0,57.0,52.0,0.0,0.0,1.0,0.0,0.0,0,1
352,0.0,3,0,63.0,78.0,80.0,0.0,0.0,0.0,1.0,0.0,0,1
353,0.0,2,1,46.0,58.0,57.0,0.0,0.0,0.0,1.0,0.0,0,1
354,0.0,3,1,59.0,71.0,70.0,0.0,1.0,0.0,0.0,0.0,0,1
355,0.0,4,1,61.0,72.0,70.0,0.0,1.0,0.0,0.0,0.0,0,1
356,1.0,2,1,63.0,61.0,61.0,0.0,0.0,1.0,0.0,0.0,0,1
357,0.0,3,0,42.0,66.0,69.0,0.0,0.0,0.0,1.0,0.0,1,0
358,1.0,3,1,59.0,62.0,61.0,0.0,0.0,1.0,0.0,0.0,1,0
359,0.0,3,1,80.0,90.0,89.0,1.0,0.0,0.0,0.0,0.0,0,1
360,0.0,1,1,58.0,62.0,59.0,0.0,0.0,1.0,0.0,0.0,0,1
361,1.0,0,0,85.0,84.0,78.0,0.0,0.0,1.0,0.0,0.0,0,1
362,0.0,3,1,52.0,58.0,58.0,1.0,0.0,0.0,0.0,0.0,0,1
363,0.0,0,1,27.0,34.0,32.0,0.0,0.0,0.0,1.0,0.0,1,0
364,1.0,3,1,59.0,60.0,58.0,0.0,0.0,0.0,0.0,1.0,0,1
365,1.0,4,0,49.0,58.0,60.0,0.0,0.0,1.0,0.0,0.0,1,0
366,1.0,1,0,69.0,58.0,53.0,0.0,0.0,0.0,1.0,0.0,0,1
367,1.0,4,1,61.0,66.0,61.0,0.0,0.0,0.0,1.0,0.0,1,0
368,0.0,0,1,44.0,64.0,58.0,0.0,0.0,0.0,1.0,0.0,1,0
369,0.0,0,1,73.0,84.0,85.0,0.0,0.0,0.0,0.0,1.0,0,1
370,1.0,3,1,84.0,77.0,71.0,0.0,0.0,0.0,1.0,0.0,0,1
371,0.0,3,0,45.0,73.0,70.0,0.0,0.0,0.0,1.0,0.0,1,0
372,1.0,0,1,74.0,74.0,72.0,1.0,0.0,0.0,0.0,0.0,0,1
373,0.0,3,0,82.0,97.0,96.0,1.0,0.0,0.0,0.0,0.0,0,1
374,0.0,4,1,59.0,70.0,73.0,0.0,1.0,0.0,0.0,0.0,0,1
375,1.0,2,1,46.0,43.0,41.0,0.0,0.0,1.0,0.0,0.0,1,0
376,0.0,0,1,80.0,90.0,82.0,0.0,0.0,1.0,0.0,0.0,0,1
377,0.0,5,0,85.0,95.0,100.0,0.0,0.0,0.0,0.0,1.0,1,0
378,0.0,0,1,71.0,83.0,77.0,1.0,0.0,0.0,0.0,0.0,0,1
379,1.0,4,1,66.0,64.0,62.0,0.0,0.0,0.0,0.0,1.0,0,1
380,0.0,2,1,80.0,86.0,83.0,0.0,0.0,0.0,0.0,1.0,0,1
381,1.0,2,0,87.0,100.0,95.0,0.0,0.0,1.0,0.0,0.0,0,1
382,1.0,5,1,79.0,81.0,71.0,0.0,0.0,0.0,1.0,0.0,1,0
383,0.0,0,1,38.0,49.0,45.0,0.0,0.0,0.0,1.0,0.0,1,0
384,0.0,0,1,38.0,43.0,43.0,0.0,0.0,0.0,0.0,1.0,1,0
385,0.0,3,1,67.0,76.0,75.0,0.0,0.0,0.0,1.0,0.0,0,1
386,0.0,4,1,64.0,73.0,70.0,0.0,0.0,0.0,0.0,1.0,0,1
387,0.0,2,1,57.0,78.0,67.0,0.0,0.0,1.0,0.0,0.0,1,0
388,0.0,1,1,62.0,64.0,64.0,0.0,0.0,1.0,0.0,0.0,0,1
389,1.0,5,1,73.0,70.0,75.0,1.0,0.0,0.0,0.0,0.0,0,1
390,1.0,0,0,73.0,67.0,59.0,0.0,1.0,0.0,0.0,0.0,1,0
391,0.0,3,1,77.0,68.0,77.0,0.0,0.0,1.0,0.0,0.0,0,1
392,1.0,3,1,76.0,67.0,67.0,0.0,1.0,0.0,0.0,0.0,0,1
393,1.0,2,0,57.0,54.0,56.0,0.0,0.0,0.0,1.0,0.0,0,1
394,0.0,0,0,65.0,74.0,77.0,0.0,0.0,1.0,0.0,0.0,0,1
395,1.0,1,1,48.0,45.0,41.0,1.0,0.0,0.0,0.0,0.0,1,0
396,0.0,1,1,50.0,67.0,63.0,1.0,0.0,0.0,0.0,0.0,1,0
397,0.0,2,1,85.0,89.0,95.0,0.0,0.0,0.0,1.0,0.0,0,1
398,1.0,0,1,74.0,63.0,57.0,0.0,0.0,1.0,0.0,0.0,0,1
399,1.0,0,1,60.0,59.0,54.0,0.0,0.0,1.0,0.0,0.0,0,1
400,0.0,0,0,59.0,54.0,67.0,0.0,1.0,0.0,0.0,0.0,0,1
401,1.0,3,1,53.0,43.0,43.0,0.0,1.0,0.0,0.0,0.0,0,1
402,0.0,3,1,49.0,65.0,55.0,0.0,0.0,0.0,1.0,0.0,1,0
403,0.0,1,0,88.0,99.0,100.0,0.0,0.0,0.0,1.0,0.0,0,1
404,0.0,1,1,54.0,59.0,62.0,0.0,0.0,0.0,1.0,0.0,0,1
405,0.0,0,1,63.0,73.0,68.0,0.0,0.0,0.0,0.0,1.0,0,1
406,1.0,2,0,65.0,65.0,63.0,0.0,0.0,0.0,1.0,0.0,0,1
407,0.0,2,1,82.0,80.0,77.0,0.0,1.0,0.0,0.0,0.0,0,1
408,0.0,1,0,52.0,57.0,56.0,0.0,0.0,1.0,0.0,0.0,1,0
409,1.0,2,0,87.0,84.0,85.0,0.0,0.0,0.0,0.0,1.0,0,1
410,0.0,5,0,70.0,71.0,74.0,0.0,0.0,1.0,0.0,0.0,0,1
411,1.0,3,0,84.0,83.0,78.0,0.0,0.0,1.0,0.0,0.0,0,1
412,1.0,2,1,71.0,66.0,60.0,0.0,0.0,0.0,1.0,0.0,0,1
413,1.0,0,0,63.0,67.0,67.0,0.0,0.0,0.0,0.0,1.0,0,1
414,0.0,4,0,51.0,72.0,79.0,0.0,0.0,1.0,0.0,0.0,1,0
415,1.0,1,1,84.0,73.0,69.0,0.0,0.0,0.0,1.0,0.0,0,1
416,1.0,4,0,71.0,74.0,68.0,0.0,0.0,0.0,1.0,0.0,0,1
417,1.0,2,1,74.0,73.0,67.0,1.0,0.0,0.0,0.0,0.0,0,1
418,1.0,3,1,68.0,59.0,62.0,0.0,1.0,0.0,0.0,0.0,0,1
419,1.0,1,0,57.0,56.0,54.0,0.0,0.0,1.0,0.0,0.0,1,0
420,0.0,2,0,82.0,93.0,93.0,0.0,0.0,1.0,0.0,0.0,1,0
421,0.0,1,0,57.0,58.0,64.0,0.0,0.0,1.0,0.0,0.0,0,1
422,0.0,5,0,47.0,58.0,67.0,1.0,0.0,0.0,0.0,0.0,1,0
423,0.0,0,0,59.0,85.0,80.0,0.0,0.0,1.0,0.0,0.0,0,1
424,1.0,3,1,41.0,39.0,34.0,0.0,0.0,1.0,0.0,0.0,1,0
425,0.0,3,1,62.0,67.0,62.0,0.0,0.0,1.0,0.0,0.0,1,0
426,1.0,4,1,86.0,83.0,86.0,0.0,0.0,1.0,0.0,0.0,0,1
427,1.0,0,1,69.0,71.0,65.0,1.0,0.0,0.0,0.0,0.0,1,0
428,1.0,0,1,65.0,59.0,53.0,0.0,0.0,1.0,0.0,0.0,1,0
429,1.0,0,1,68.0,63.0,54.0,0.0,0.0,1.0,0.0,0.0,1,0
430,1.0,2,1,64.0,66.0,59.0,0.0,0.0,0.0,1.0,0.0,1,0
431,0.0,1,1,61.0,72.0,70.0,0.0,0.0,0.0,1.0,0.0,0,1
432,1.0,1,1,61.0,56.0,55.0,0.0,0.0,1.0,0.0,0.0,0,1
433,0.0,0,1,47.0,59.0,50.0,0.0,0.0,0.0,1.0,0.0,1,0
434,1.0,0,1,73.0,66.0,66.0,0.0,0.0,1.0,0.0,0.0,0,1
435,1.0,3,0,50.0,48.0,53.0,0.0,0.0,0.0,1.0,0.0,1,0
436,1.0,2,1,75.0,68.0,64.0,1.0,0.0,0.0,0.0,0.0,0,1
437,1.0,2,1,75.0,66.0,73.0,0.0,1.0,0.0,0.0,0.0,1,0
438,1.0,1,1,70.0,56.0,51.0,1.0,0.0,0.0,0.0,0.0,0,1
439,1.0,0,0,89.0,88.0,82.0,0.0,0.0,1.0,0.0,0.0,0,1
440,0.0,3,0,67.0,81.0,79.0,0.0,0.0,0.0,1.0,0.0,0,1
441,0.0,1,1,78.0,81.0,80.0,0.0,0.0,1.0,0.0,0.0,0,1
442,0.0,0,1,59.0,73.0,69.0,0.0,1.0,0.0,0.0,0.0,1,0
443,0.0,2,1,73.0,83.0,76.0,0.0,1.0,0.0,0.0,0.0,0,1
444,1.0,0,1,79.0,82.0,73.0,0.0,0.0,1.0,0.0,0.0,1,0
445,0.0,0,0,67.0,74.0,77.0,0.0,0.0,0.0,0.0,1.0,0,1
446,1.0,3,1,69.0,66.0,60.0,0.0,0.0,1.0,0.0,0.0,1,0
447,1.0,1,0,86.0,81.0,80.0,0.0,0.0,1.0,0.0,0.0,0,1
448,1.0,1,1,47.0,46.0,42.0,0.0,0.0,1.0,0.0,0.0,0,1
449,1.0,2,1,81.0,73.0,72.0,0.0,0.0,1.0,0.0,0.0,0,1
450,0.0,3,0,64.0,85.0,85.0,0.0,0.0,0.0,1.0,0.0,1,0
451,0.0,3,1,100.0,92.0,97.0,0.0,0.0,0.0,1.0,0.0,0,1
452,0.0,2,1,65.0,77.0,74.0,0.0,0.0,0.0,0.0,1.0,1,0
453,1.0,3,1,65.0,58.0,49.0,0.0,1.0,0.0,0.0,0.0,1,0
454,0.0,2,1,53.0,61.0,62.0,0.0,0.0,1.0,0.0,0.0,1,0
455,1.0,4,1,37.0,56.0,47.0,0.0,1.0,0.0,0.0,0.0,1,0
456,0.0,4,1,79.0,89.0,89.0,0.0,0.0,0.0,0.0,1.0,0,1
457,1.0,2,1,53.0,54.0,48.0,0.0,0.0,1.0,0.0,0.0,1,0
458,0.0,4,1,100.0,100.0,100.0,1.0,0.0,0.0,0.0,0.0,0,1
459,1.0,1,0,72.0,65.0,68.0,0.0,0.0,1.0,0.0,0.0,0,1
460,1.0,4,1,53.0,58.0,55.0,1.0,0.0,0.0,0.0,0.0,1,0
461,1.0,3,1,54.0,54.0,45.0,1.0,0.0,0.0,0.0,0.0,1,0
462,0.0,3,1,71.0,70.0,76.0,0.0,0.0,1.0,0.0,0.0,0,1
463,0.0,3,1,77.0,90.0,91.0,0.0,0.0,1.0,0.0,0.0,1,0
464,1.0,4,0,75.0,58.0,62.0,0.0,0.0,1.0,0.0,0.0,0,1
465,0.0,3,1,84.0,87.0,91.0,0.0,0.0,1.0,0.0,0.0,0,1
467,1.0,1,0,72.0,67.0,65.0,0.0,1.0,0.0,0.0,0.0,1,0
468,0.0,1,0,77.0,88.0,85.0,0.0,0.0,0.0,1.0,0.0,1,0
469,1.0,3,1,91.0,74.0,76.0,0.0,0.0,0.0,0.0,1.0,0,1
470,0.0,2,0,83.0,85.0,90.0,0.0,0.0,0.0,1.0,0.0,0,1
471,0.0,1,1,63.0,69.0,74.0,0.0,0.0,0.0,1.0,0.0,0,1
472,0.0,2,0,68.0,86.0,84.0,0.0,0.0,0.0,0.0,1.0,0,1
473,0.0,0,1,59.0,67.0,61.0,0.0,1.0,0.0,0.0,0.0,0,1
474,0.0,2,0,90.0,90.0,91.0,0.0,0.0,0.0,1.0,0.0,0,1
475,0.0,4,0,71.0,76.0,83.0,0.0,0.0,1.0,0.0,0.0,0,1
476,1.0,4,0,76.0,62.0,66.0,1.0,0.0,0.0,0.0,0.0,0,1
477,1.0,2,1,80.0,68.0,72.0,0.0,1.0,0.0,0.0,0.0,0,1
478,0.0,5,1,55.0,64.0,70.0,0.0,0.0,1.0,0.0,0.0,0,1
479,1.0,2,1,76.0,71.0,67.0,0.0,0.0,0.0,1.0,0.0,0,1
480,1.0,1,0,73.0,71.0,68.0,0.0,0.0,1.0,0.0,0.0,0,1
481,0.0,2,1,52.0,59.0,56.0,0.0,1.0,0.0,0.0,0.0,1,0
482,1.0,3,1,68.0,68.0,61.0,1.0,0.0,0.0,0.0,0.0,1,0
483,1.0,1,1,59.0,52.0,46.0,1.0,0.0,0.0,0.0,0.0,0,1
484,0.0,2,1,49.0,52.0,54.0,0.0,0.0,1.0,0.0,0.0,0,1
485,1.0,1,1,70.0,74.0,71.0,0.0,0.0,1.0,0.0,0.0,0,1
486,1.0,3,1,61.0,47.0,56.0,0.0,0.0,1.0,0.0,0.0,1,0
487,0.0,2,1,60.0,75.0,74.0,0.0,1.0,0.0,0.0,0.0,1,0
488,1.0,0,0,64.0,53.0,57.0,0.0,0.0,0.0,1.0,0.0,0,1
489,1.0,2,0,79.0,82.0,82.0,0.0,0.0,1.0,0.0,0.0,1,0
490,0.0,2,1,65.0,85.0,76.0,0.0,0.0,0.0,1.0,0.0,1,0
491,0.0,2,1,64.0,64.0,70.0,0.0,1.0,0.0,0.0,0.0,0,1
492,0.0,3,1,83.0,83.0,90.0,0.0,0.0,0.0,0.0,1.0,0,1
493,0.0,4,1,81.0,88.0,90.0,0.0,0.0,0.0,1.0,0.0,0,1
494,0.0,1,1,54.0,64.0,68.0,0.0,1.0,0.0,0.0,0.0,0,1
495,1.0,1,0,68.0,64.0,66.0,0.0,0.0,1.0,0.0,0.0,0,1
496,0.0,3,1,54.0,48.0,52.0,0.0,0.0,0.0,0.0,1.0,0,1
497,0.0,3,0,59.0,78.0,76.0,0.0,0.0,0.0,1.0,0.0,1,0
498,0.0,0,1,66.0,69.0,68.0,0.0,1.0,0.0,0.0,0.0,0,1
499,1.0,3,1,76.0,71.0,72.0,1.0,0.0,0.0,0.0,0.0,0,1
500,0.0,5,1,74.0,79.0,82.0,0.0,1.0,0.0,0.0,0.0,0,1
501,0.0,2,0,94.0,87.0,92.0,0.0,0.0,1.0,0.0,0.0,0,1
502,1.0,3,1,63.0,61.0,54.0,0.0,0.0,1.0,0.0,0.0,1,0
503,0.0,2,0,95.0,89.0,92.0,0.0,0.0,0.0,1.0,0.0,0,1
504,0.0,5,1,40.0,59.0,54.0,1.0,0.0,0.0,0.0,0.0,1,0
505,0.0,0,1,82.0,82.0,80.0,0.0,0.0,0.0,1.0,0.0,0,1
506,1.0,1,1,68.0,70.0,66.0,0.0,1.0,0.0,0.0,0.0,0,1
507,1.0,4,1,55.0,59.0,54.0,0.0,1.0,0.0,0.0,0.0,1,0
508,1.0,5,1,79.0,78.0,77.0,0.0,0.0,1.0,0.0,0.0,0,1
509,0.0,4,1,86.0,92.0,87.0,0.0,0.0,0.0,1.0,0.0,0,1
510,1.0,3,1,76.0,71.0,73.0,0.0,0.0,0.0,0.0,1.0,0,1
511,1.0,0,1,64.0,50.0,43.0,0.0,0.0,0.0,1.0,0.0,0,1
512,1.0,0,1,62.0,49.0,52.0,0.0,1.0,0.0,0.0,0.0,1,0
513,0.0,0,0,54.0,61.0,62.0,0.0,0.0,0.0,1.0,0.0,0,1
514,0.0,5,0,77.0,97.0,94.0,0.0,0.0,1.0,0.0,0.0,1,0
515,0.0,0,0,76.0,87.0,85.0,0.0,0.0,0.0,1.0,0.0,0,1
516,0.0,3,1,74.0,89.0,84.0,0.0,0.0,1.0,0.0,0.0,0,1
517,0.0,3,0,66.0,74.0,73.0,0.0,0.0,1.0,0.0,0.0,0,1
518,0.0,0,0,66.0,78.0,78.0,0.0,0.0,0.0,0.0,1.0,0,1
519,0.0,1,0,67.0,78.0,79.0,0.0,0.0,1.0,0.0,0.0,1,0
520,1.0,3,1,71.0,49.0,52.0,0.0,0.0,1.0,0.0,0.0,0,1
521,0.0,2,1,91.0,86.0,84.0,0.0,0.0,0.0,1.0,0.0,0,1
522,1.0,4,1,69.0,58.0,57.0,0.0,0.0,1.0,0.0,0.0,0,1
523,1.0,5,1,54.0,59.0,50.0,0.0,0.0,1.0,0.0,0.0,1,0
524,1.0,1,0,53.0,52.0,49.0,0.0,0.0,1.0,0.0,0.0,0,1
525,1.0,3,1,68.0,60.0,59.0,0.0,0.0,0.0,0.0,1.0,0,1
526,1.0,0,0,56.0,61.0,60.0,0.0,0.0,0.0,0.0,1.0,1,0
527,0.0,1,1,36.0,53.0,43.0,0.0,1.0,0.0,0.0,0.0,1,0
528,0.0,4,1,29.0,41.0,47.0,0.0,0.0,1.0,0.0,0.0,1,0
529,0.0,2,1,62.0,74.0,70.0,0.0,0.0,1.0,0.0,0.0,0,1
530,0.0,2,0,68.0,67.0,73.0,0.0,0.0,0.0,1.0,0.0,0,1
531,0.0,0,1,47.0,54.0,53.0,0.0,0.0,0.0,0.0,1.0,0,1
532,1.0,2,0,62.0,61.0,58.0,1.0,0.0,0.0,0.0,0.0,0,1
533,0.0,2,0,79.0,88.0,94.0,0.0,0.0,1.0,0.0,0.0,0,1
534,1.0,1,0,73.0,69.0,68.0,0.0,0.0,0.0,1.0,0.0,0,1
535,0.0,4,0,66.0,83.0,83.0,0.0,0.0,1.0,0.0,0.0,1,0
536,1.0,2,0,51.0,60.0,58.0,0.0,0.0,0.0,1.0,0.0,0,1
537,0.0,1,1,51.0,66.0,62.0,0.0,0.0,0.0,1.0,0.0,0,1
538,1.0,4,0,85.0,66.0,71.0,0.0,0.0,0.0,0.0,1.0,0,1
539,1.0,2,0,97.0,92.0,86.0,1.0,0.0,0.0,0.0,0.0,0,1
540,1.0,1,0,75.0,69.0,68.0,0.0,0.0,1.0,0.0,0.0,0,1
541,1.0,2,0,79.0,82.0,80.0,0.0,0.0,1.0,0.0,0.0,1,0
542,0.0,2,1,81.0,77.0,79.0,0.0,0.0,1.0,0.0,0.0,0,1
543,0.0,2,1,82.0,95.0,89.0,0.0,0.0,1.0,0.0,0.0,0,1
544,0.0,5,1,64.0,63.0,66.0,0.0,1.0,0.0,0.0,0.0,0,1
545,1.0,0,0,78.0,83.0,80.0,0.0,1.0,0.0,0.0,0.0,1,0
546,0.0,0,0,92.0,100.0,97.0,0.0,0.0,0.0,1.0,0.0,0,1
547,1.0,1,0,72.0,67.0,64.0,0.0,0.0,0.0,0.0,1.0,0,1
548,0.0,1,1,62.0,67.0,64.0,0.0,0.0,1.0,0.0,0.0,1,0
549,1.0,5,1,79.0,72.0,69.0,0.0,0.0,1.0,0.0,0.0,0,1
550,1.0,0,1,79.0,76.0,65.0,0.0,0.0,1.0,0.0,0.0,1,0
551,1.0,4,0,87.0,90.0,88.0,0.0,1.0,0.0,0.0,0.0,1,0
552,0.0,2,1,40.0,48.0,50.0,0.0,0.0,0.0,1.0,0.0,0,1
553,1.0,3,1,77.0,62.0,64.0,0.0,0.0,0.0,1.0,0.0,1,0
554,1.0,2,1,53.0,45.0,40.0,0.0,0.0,1.0,0.0,0.0,0,1
555,0.0,3,1,32.0,39.0,33.0,0.0,0.0,1.0,0.0,0.0,1,0
556,0.0,2,0,55.0,72.0,79.0,0.0,0.0,0.0,1.0,0.0,0,1
557,1.0,5,1,61.0,67.0,66.0,0.0,1.0,0.0,0.0,0.0,1,0
558,0.0,2,1,53.0,70.0,70.0,0.0,1.0,0.0,0.0,0.0,1,0
559,1.0,0,1,73.0,66.0,62.0,0.0,0.0,0.0,0.0,1.0,0,1
560,0.0,3,0,74.0,75.0,79.0,0.0,0.0,0.0,1.0,0.0,0,1
561,0.0,3,1,63.0,74.0,74.0,0.0,1.0,0.0,0.0,0.0,0,1
562,1.0,4,0,96.0,90.0,92.0,0.0,0.0,0.0,1.0,0.0,0,1
563,0.0,3,0,63.0,80.0,80.0,0.0,1.0,0.0,0.0,0.0,1,0
564,1.0,4,1,48.0,51.0,46.0,1.0,0.0,0.0,0.0,0.0,1,0
565,1.0,2,1,48.0,43.0,45.0,0.0,0.0,1.0,0.0,0.0,0,1
566,0.0,4,0,92.0,100.0,100.0,0.0,0.0,1.0,0.0,0.0,1,0
567,0.0,5,0,61.0,71.0,78.0,0.0,0.0,0.0,0.0,1.0,1,0
568,1.0,1,1,63.0,48.0,47.0,1.0,0.0,0.0,0.0,0.0,1,0
569,1.0,4,1,68.0,68.0,67.0,1.0,0.0,0.0,0.0,0.0,1,0
570,1.0,3,0,71.0,75.0,70.0,0.0,1.0,0.0,0.0,0.0,0,1
571,1.0,4,1,91.0,96.0,92.0,0.0,1.0,0.0,0.0,0.0,0,1
572,0.0,3,1,53.0,62.0,56.0,0.0,0.0,0.0,1.0,0.0,0,1
573,0.0,1,0,50.0,66.0,64.0,0.0,0.0,0.0,1.0,0.0,1,0
574,0.0,1,1,74.0,81.0,71.0,0.0,0.0,0.0,0.0,1.0,0,1
575,1.0,2,0,40.0,55.0,53.0,0.0,0.0,0.0,1.0,0.0,1,0
576,1.0,3,0,61.0,51.0,52.0,0.0,0.0,0.0,1.0,0.0,0,1
577,0.0,1,1,81.0,91.0,89.0,0.0,0.0,0.0,1.0,0.0,0,1
578,0.0,3,0,48.0,56.0,58.0,0.0,0.0,1.0,0.0,0.0,1,0
579,0.0,5,1,53.0,61.0,68.0,1.0,0.0,0.0,0.0,0.0,0,1
580,0.0,0,1,81.0,97.0,96.0,0.0,0.0,1.0,0.0,0.0,0,1
581,0.0,0,1,77.0,79.0,80.0,0.0,0.0,1.0,0.0,0.0,0,1
582,0.0,4,1,63.0,73.0,78.0,1.0,0.0,0.0,0.0,0.0,1,0
583,0.0,2,0,73.0,75.0,80.0,0.0,0.0,1.0,0.0,0.0,0,1
584,0.0,3,1,69.0,77.0,77.0,1.0,0.0,0.0,0.0,0.0,0,1
585,0.0,2,1,65.0,76.0,76.0,0.0,0.0,0.0,0.0,1.0,0,1
586,0.0,1,1,55.0,73.0,73.0,0.0,0.0,0.0,0.0,1.0,0,1
587,0.0,4,1,44.0,63.0,62.0,0.0,0.0,1.0,0.0,0.0,1,0
588,0.0,3,1,54.0,64.0,65.0,0.0,0.0,1.0,0.0,0.0,0,1
589,0.0,0,1,48.0,66.0,65.0,1.0,0.0,0.0,0.0,0.0,0,1
590,1.0,3,1,58.0,57.0,54.0,0.0,0.0,0.0,1.0,0.0,1,0
591,1.0,0,1,71.0,62.0,50.0,0.0,0.0,0.0,1.0,0.0,0,1
592,1.0,4,1,68.0,68.0,64.0,0.0,0.0,0.0,1.0,0.0,0,1
593,0.0,1,1,74.0,76.0,73.0,0.0,0.0,1.0,0.0,0.0,0,1
594,0.0,4,0,92.0,100.0,99.0,0.0,0.0,0.0,0.0,1.0,0,1
595,0.0,4,0,56.0,79.0,72.0,0.0,0.0,0.0,1.0,0.0,0,1
597,1.0,0,1,53.0,54.0,48.0,0.0,0.0,1.0,0.0,0.0,0,1
598,0.0,1,1,69.0,77.0,73.0,0.0,0.0,1.0,0.0,0.0,0,1
599,0.0,0,1,65.0,82.0,81.0,0.0,0.0,1.0,0.0,0.0,0,1
600,0.0,5,1,54.0,60.0,63.0,0.0,0.0,0.0,0.0,1.0,0,1
601,0.0,1,1,29.0,29.0,30.0,0.0,1.0,0.0,0.0,0.0,0,1
602,0.0,3,1,76.0,78.0,80.0,0.0,0.0,0.0,1.0,0.0,0,1
603,1.0,1,1,60.0,57.0,51.0,0.0,0.0,1.0,0.0,0.0,1,0
604,1.0,5,0,84.0,89.0,90.0,0.0,0.0,1.0,0.0,0.0,1,0
605,1.0,0,1,75.0,72.0,62.0,0.0,0.0,1.0,0.0,0.0,0,1
606,0.0,2,1,85.0,84.0,82.0,1.0,0.0,0.0,0.0,0.0,0,1
607,0.0,5,1,40.0,58.0,54.0,0.0,0.0,1.0,0.0,0.0,1,0
608,0.0,3,1,61.0,64.0,62.0,0.0,0.0,0.0,0.0,1.0,0,1
609,0.0,2,1,58.0,63.0,65.0,0.0,0.0,0.0,1.0,0.0,0,1
610,1.0,3,0,69.0,60.0,63.0,0.0,0.0,0.0,1.0,0.0,1,0
611,0.0,3,1,58.0,59.0,66.0,0.0,0.0,1.0,0.0,0.0,0,1
612,1.0,4,0,94.0,90.0,91.0,0.0,0.0,1.0,0.0,0.0,0,1
613,0.0,2,1,65.0,77.0,74.0,0.0,1.0,0.0,0.0,0.0,0,1
614,0.0,2,1,82.0,93.0,93.0,0.0,0.0,1.0,0.0,0.0,0,1
615,0.0,1,1,60.0,68.0,72.0,1.0,0.0,0.0,0.0,0.0,0,1
616,0.0,4,1,37.0,45.0,38.0,0.0,0.0,0.0,0.0,1.0,0,1
617,1.0,4,1,88.0,78.0,83.0,0.0,0.0,0.0,1.0,0.0,0,1
618,1.0,5,1,95.0,81.0,84.0,0.0,1.0,0.0,0.0,0.0,0,1
619,1.0,2,0,65.0,73.0,68.0,0.0,0.0,0.0,1.0,0.0,1,0
620,0.0,1,1,35.0,61.0,54.0,0.0,0.0,0.0,1.0,0.0,1,0
621,1.0,4,1,62.0,63.0,56.0,0.0,0.0,1.0,0.0,0.0,1,0
622,1.0,1,0,58.0,51.0,52.0,0.0,0.0,0.0,1.0,0.0,1,0
623,1.0,3,0,100.0,96.0,86.0,0.0,1.0,0.0,0.0,0.0,0,1
624,0.0,4,1,61.0,58.0,62.0,0.0,1.0,0.0,0.0,0.0,1,0
625,1.0,3,0,100.0,97.0,99.0,0.0,0.0,1.0,0.0,0.0,0,1
626,1.0,2,0,69.0,70.0,63.0,0.0,0.0,0.0,1.0,0.0,1,0
627,1.0,2,1,61.0,48.0,46.0,1.0,0.0,0.0,0.0,0.0,0,1
628,1.0,3,1,49.0,57.0,46.0,0.0,1.0,0.0,0.0,0.0,1,0
629,0.0,0,0,44.0,51.0,55.0,0.0,0.0,0.0,1.0,0.0,0,1
630,1.0,3,1,67.0,64.0,70.0,0.0,0.0,0.0,0.0,1.0,0,1
631,1.0,1,1,79.0,60.0,65.0,0.0,0.0,0.0,1.0,0.0,0,1
632,0.0,4,0,66.0,74.0,81.0,0.0,0.0,0.0,1.0,0.0,0,1
633,0.0,1,1,75.0,88.0,85.0,0.0,0.0,0.0,1.0,0.0,0,1
634,1.0,0,1,84.0,84.0,80.0,0.0,1.0,0.0,0.0,0.0,0,1
635,1.0,1,1,71.0,74.0,64.0,0.0,0.0,0.0,0.0,1.0,0,1
636,0.0,1,0,67.0,80.0,81.0,0.0,1.0,0.0,0.0,0.0,1,0
637,0.0,0,0,80.0,92.0,88.0,0.0,1.0,0.0,0.0,0.0,0,1
638,1.0,3,1,86.0,76.0,74.0,0.0,0.0,0.0,1.0,0.0,0,1
639,0.0,2,1,76.0,74.0,73.0,0.0,0.0,0.0,0.0,1.0,0,1
640,1.0,1,1,41.0,52.0,51.0,0.0,1.0,0.0,0.0,0.0,0,1
641,0.0,2,0,74.0,88.0,90.0,0.0,0.0,0.0,1.0,0.0,1,0
642,0.0,0,1,72.0,81.0,79.0,0.0,0.0,1.0,0.0,0.0,1,0
643,0.0,1,0,74.0,79.0,80.0,1.0,0.0,0.0,0.0,0.0,0,1
644,1.0,1,1,70.0,65.0,60.0,0.0,0.0,0.0,1.0,0.0,0,1
645,0.0,4,0,65.0,81.0,81.0,1.0,0.0,0.0,0.0,0.0,0,1
646,0.0,2,1,59.0,70.0,65.0,0.0,1.0,0.0,0.0,0.0,0,1
647,0.0,1,1,64.0,62.0,68.0,0.0,1.0,0.0,0.0,0.0,1,0
648,0.0,1,1,50.0,53.0,55.0,0.0,0.0,1.0,0.0,0.0,0,1
649,0.0,3,0,69.0,79.0,81.0,0.0,0.0,0.0,1.0,0.0,0,1
650,1.0,0,0,51.0,56.0,53.0,0.0,0.0,0.0,1.0,0.0,1,0
651,0.0,1,0,68.0,80.0,76.0,0.0,0.0,0.0,1.0,0.0,0,1
652,0.0,3,0,85.0,86.0,98.0,0.0,0.0,1.0,0.0,0.0,0,1
653,0.0,2,0,65.0,70.0,74.0,0.0,0.0,1.0,0.0,0.0,0,1
654,0.0,0,1,73.0,79.0,79.0,0.0,0.0,0.0,1.0,0.0,0,1
655,0.0,3,1,62.0,67.0,67.0,0.0,0.0,1.0,0.0,0.0,0,1
656,1.0,2,1,77.0,67.0,64.0,0.0,0.0,0.0,1.0,0.0,1,0
657,1.0,0,1,69.0,66.0,61.0,0.0,0.0,1.0,0.0,0.0,0,1
658,0.0,2,1,43.0,60.0,58.0,0.0,0.0,1.0,0.0,0.0,1,0
659,1.0,2,1,90.0,87.0,85.0,0.0,1.0,0.0,0.0,0.0,0,1
660,1.0,3,1,74.0,77.0,73.0,0.0,0.0,1.0,0.0,0.0,1,0
661,1.0,0,1,73.0,66.0,63.0,0.0,0.0,0.0,1.0,0.0,0,1
662,0.0,3,1,55.0,71.0,69.0,0.0,0.0,1.0,0.0,0.0,1,0
663,0.0,1,1,65.0,69.0,67.0,0.0,0.0,0.0,1.0,0.0,0,1
664,1.0,2,1,80.0,63.0,63.0,0.0,0.0,1.0,0.0,0.0,0,1
665,0.0,0,0,50.0,60.0,60.0,0.0,0.0,1.0,0.0,0.0,1,0
666,0.0,3,0,63.0,73.0,71.0,0.0,0.0,0.0,1.0,0.0,1,0
667,0.0,4,1,77.0,85.0,87.0,0.0,1.0,0.0,0.0,0.0,1,0
668,1.0,3,1,73.0,74.0,61.0,0.0,0.0,0.0,0.0,1.0,0,1
669,1.0,2,0,81.0,72.0,77.0,0.0,0.0,1.0,0.0,0.0,0,1
670,0.0,1,1,66.0,76.0,68.0,0.0,0.0,0.0,1.0,0.0,1,0
671,1.0,2,1,52.0,57.0,50.0,0.0,0.0,0.0,1.0,0.0,1,0
672,0.0,3,1,69.0,78.0,76.0,0.0,0.0,0.0,1.0,0.0,0,1
673,0.0,2,0,65.0,84.0,84.0,0.0,1.0,0.0,0.0,0.0,0,1
674,0.0,1,0,69.0,77.0,78.0,0.0,1.0,0.0,0.0,0.0,0,1
675,0.0,3,0,50.0,64.0,66.0,0.0,0.0,1.0,0.0,0.0,0,1
676,0.0,3,0,73.0,78.0,76.0,0.0,1.0,0.0,0.0,0.0,0,1
677,0.0,0,0,70.0,82.0,76.0,0.0,0.0,0.0,0.0,1.0,0,1
678,1.0,2,1,81.0,75.0,78.0,0.0,0.0,0.0,0.0,1.0,1,0
679,1.0,3,1,63.0,61.0,60.0,0.0,0.0,0.0,1.0,0.0,1,0
680,0.0,1,1,67.0,72.0,74.0,1.0,0.0,0.0,0.0,0.0,0,1
681,1.0,1,1,60.0,68.0,60.0,0.0,0.0,0.0,0.0,1.0,0,1
682,1.0,1,1,62.0,55.0,54.0,0.0,0.0,1.0,0.0,0.0,0,1
683,0.0,0,0,29.0,40.0,44.0,0.0,0.0,0.0,0.0,1.0,1,0
684,1.0,3,0,62.0,66.0,68.0,0.0,0.0,1.0,0.0,0.0,0,1
685,0.0,5,0,94.0,99.0,100.0,0.0,0.0,0.0,1.0,0.0,0,1
686,1.0,3,0,85.0,75.0,68.0,0.0,0.0,1.0,0.0,0.0,0,1
687,1.0,2,1,77.0,78.0,73.0,0.0,0.0,0.0,1.0,0.0,1,0
688,1.0,1,1,53.0,58.0,44.0,0.0,0.0,1.0,0.0,0.0,1,0
689,1.0,3,1,93.0,90.0,83.0,1.0,0.0,0.0,0.0,0.0,1,0
690,0.0,2,1,49.0,53.0,53.0,0.0,0.0,0.0,1.0,0.0,0,1
691,0.0,2,1,73.0,76.0,78.0,0.0,0.0,1.0,0.0,0.0,1,0
692,0.0,4,0,66.0,74.0,81.0,0.0,0.0,0.0,0.0,1.0,1,0
693,0.0,2,1,77.0,77.0,73.0,0.0,1.0,0.0,0.0,0.0,0,1
694,0.0,0,1,49.0,63.0,56.0,1.0,0.0,0.0,0.0,0.0,0,1
695,0.0,3,1,79.0,89.0,86.0,0.0,0.0,0.0,1.0,0.0,1,0
696,0.0,2,0,75.0,82.0,90.0,0.0,1.0,0.0,0.0,0.0,0,1
697,0.0,4,1,59.0,72.0,70.0,1.0,0.0,0.0,0.0,0.0,0,1
698,0.0,2,0,57.0,78.0,79.0,0.0,0.0,0.0,1.0,0.0,0,1
699,1.0,1,1,66.0,66.0,59.0,0.0,0.0,1.0,0.0,0.0,1,0
700,0.0,4,0,79.0,81.0,82.0,0.0,0.0,0.0,1.0,0.0,0,1
701,0.0,0,1,57.0,67.0,72.0,0.0,0.0,0.0,1.0,0.0,0,1
702,1.0,4,0,87.0,84.0,87.0,0.0,0.0,1.0,0.0,0.0,0,1
703,0.0,3,1,63.0,64.0,67.0,0.0,0.0,0.0,0.0,1.0,0,1
704,0.0,0,0,59.0,63.0,64.0,0.0,0.0,0.0,1.0,0.0,1,0
705,1.0,4,1,62.0,72.0,65.0,0.0,0.0,0.0,1.0,0.0,1,0
706,1.0,1,1,46.0,34.0,36.0,0.0,1.0,0.0,0.0,0.0,0,1
707,1.0,3,1,66.0,59.0,52.0,0.0,1.0,0.0,0.0,0.0,0,1
708,1.0,1,1,89.0,87.0,79.0,0.0,0.0,1.0,0.0,0.0,0,1
709,0.0,2,0,42.0,61.0,58.0,0.0,0.0,1.0,0.0,0.0,1,0
710,1.0,3,0,93.0,84.0,90.0,0.0,0.0,1.0,0.0,0.0,0,1
711,0.0,0,0,80.0,85.0,85.0,0.0,0.0,0.0,0.0,1.0,0,1
712,0.0,3,1,98.0,100.0,99.0,0.0,0.0,1.0,0.0,0.0,0,1
713,1.0,5,1,81.0,81.0,84.0,0.0,0.0,0.0,1.0,0.0,0,1
714,0.0,0,0,60.0,70.0,74.0,0.0,1.0,0.0,0.0,0.0,0,1
715,0.0,2,0,76.0,94.0,87.0,0.0,0.0,1.0,0.0,0.0,1,0
716,1.0,2,0,73.0,78.0,72.0,0.0,1.0,0.0,0.0,0.0,0,1
717,0.0,2,0,96.0,96.0,99.0,0.0,0.0,0.0,0.0,1.0,0,1
718,0.0,1,1,76.0,76.0,74.0,0.0,0.0,0.0,0.0,1.0,0,1
719,1.0,2,0,91.0,73.0,80.0,0.0,0.0,0.0,0.0,1.0,1,0
720,0.0,3,1,62.0,72.0,70.0,0.0,0.0,0.0,1.0,0.0,1,0
721,1.0,0,0,55.0,59.0,59.0,0.0,0.0,1.0,0.0,0.0,1,0
722,0.0,0,0,74.0,90.0,88.0,0.0,1.0,0.0,0.0,0.0,1,0
723,1.0,1,1,50.0,48.0,42.0,1.0,0.0,0.0,0.0,0.0,0,1
724,1.0,3,1,47.0,43.0,41.0,0.0,0.0,1.0,0.0,0.0,0,1
725,1.0,3,0,81.0,74.0,71.0,0.0,0.0,0.0,1.0,0.0,0,1
726,0.0,2,0,65.0,75.0,77.0,0.0,0.0,0.0,0.0,1.0,0,1
727,1.0,0,0,68.0,51.0,57.0,0.0,0.0,1.0,0.0,0.0,0,1
728,0.0,1,1,73.0,92.0,84.0,0.0,0.0,1.0,0.0,0.0,1,0
729,1.0,3,1,53.0,39.0,37.0,0.0,1.0,0.0,0.0,0.0,0,1
730,0.0,2,0,68.0,77.0,80.0,0.0,0.0,0.0,1.0,0.0,1,0
731,1.0,0,1,55.0,46.0,43.0,0.0,0.0,1.0,0.0,0.0,1,0
732,0.0,3,0,87.0,89.0,94.0,0.0,0.0,0.0,1.0,0.0,0,1
733,1.0,0,1,55.0,47.0,44.0,1.0,0.0,0.0,0.0,0.0,0,1
734,0.0,3,1,53.0,58.0,57.0,0.0,0.0,1.0,0.0,0.0,1,0
735,1.0,5,1,67.0,57.0,59.0,0.0,0.0,1.0,0.0,0.0,0,1
736,1.0,2,1,92.0,79.0,84.0,0.0,1.0,0.0,0.0,0.0,0,1
737,0.0,3,0,53.0,66.0,73.0,0.0,0.0,0.0,1.0,0.0,1,0
738,1.0,2,1,81.0,71.0,73.0,0.0,0.0,0.0,1.0,0.0,0,1
739,1.0,1,1,61.0,60.0,55.0,0.0,0.0,1.0,0.0,0.0,1,0
740,1.0,4,1,80.0,73.0,72.0,0.0,0.0,1.0,0.0,0.0,0,1
741,0.0,2,1,37.0,57.0,56.0,0.0,1.0,0.0,0.0,0.0,1,0
742,0.0,1,1,81.0,84.0,82.0,0.0,0.0,0.0,1.0,0.0,0,1
743,0.0,2,0,59.0,73.0,72.0,0.0,0.0,0.0,0.0,1.0,0,1
744,1.0,3,1,55.0,55.0,47.0,0.0,0.0,1.0,0.0,0.0,1,0
745,1.0,2,1,72.0,79.0,74.0,0.0,0.0,1.0,0.0,0.0,0,1
746,1.0,1,1,69.0,75.0,71.0,0.0,0.0,1.0,0.0,0.0,0,1
747,1.0,3,1,69.0,64.0,68.0,0.0,0.0,0.0,0.0,1.0,0,1
748,0.0,4,1,50.0,60.0,59.0,0.0,0.0,0.0,1.0,0.0,1,0
749,1.0,3,0,87.0,84.0,86.0,0.0,0.0,0.0,0.0,1.0,0,1
750,1.0,0,0,71.0,69.0,68.0,0.0,0.0,0.0,1.0,0.0,0,1
751,1.0,3,1,68.0,72.0,65.0,0.0,1.0,0.0,0.0,0.0,0,1
752,1.0,5,0,79.0,77.0,75.0,0.0,0.0,1.0,0.0,0.0,1,0
753,0.0,0,0,77.0,90.0,85.0,0.0,0.0,0.0,1.0,0.0,0,1
754,1.0,2,1,58.0,55.0,53.0,0.0,0.0,0.0,1.0,0.0,1,0
755,0.0,2,1,84.0,95.0,92.0,0.0,1.0,0.0,0.0,0.0,0,1
756,1.0,3,1,55.0,58.0,52.0,0.0,0.0,0.0,1.0,0.0,0,1
757,1.0,4,0,70.0,68.0,72.0,0.0,1.0,0.0,0.0,0.0,1,0
758,0.0,3,0,52.0,59.0,65.0,0.0,0.0,1.0,0.0,0.0,1,0
759,1.0,3,0,69.0,77.0,77.0,0.0,1.0,0.0,0.0,0.0,0,1
760,0.0,1,1,53.0,72.0,64.0,0.0,0.0,0.0,1.0,0.0,1,0
761,0.0,0,1,48.0,58.0,54.0,1.0,0.0,0.0,0.0,0.0,0,1
762,1.0,0,0,78.0,81.0,86.0,0.0,1.0,0.0,0.0,0.0,0,1
763,0.0,1,1,62.0,62.0,63.0,0.0,0.0,0.0,1.0,0.0,0,1
764,1.0,3,1,60.0,63.0,59.0,0.0,1.0,0.0,0.0,0.0,0,1
765,0.0,1,1,74.0,72.0,72.0,0.0,0.0,1.0,0.0,0.0,0,1
766,0.0,1,0,58.0,75.0,77.0,0.0,1.0,0.0,0.0,0.0,0,1
767,1.0,1,0,76.0,62.0,60.0,0.0,1.0,0.0,0.0,0.0,0,1
768,0.0,0,1,68.0,71.0,75.0,0.0,1.0,0.0,0.0,0.0,0,1
769,1.0,3,1,58.0,60.0,57.0,0.0,0.0,1.0,0.0,0.0,1,0
770,1.0,1,1,52.0,48.0,49.0,1.0,0.0,0.0,0.0,0.0,0,1
771,1.0,4,1,75.0,73.0,74.0,0.0,0.0,0.0,0.0,1.0,0,1
772,0.0,0,0,52.0,67.0,72.0,0.0,0.0,0.0,1.0,0.0,1,0
773,0.0,4,1,62.0,78.0,79.0,0.0,1.0,0.0,0.0,0.0,1,0
774,1.0,3,1,66.0,65.0,60.0,0.0,1.0,0.0,0.0,0.0,0,1
775,0.0,0,1,49.0,58.0,55.0,0.0,0.0,1.0,0.0,0.0,1,0
776,0.0,1,1,66.0,72.0,70.0,0.0,0.0,1.0,0.0,0.0,0,1
777,0.0,3,1,35.0,44.0,43.0,0.0,1.0,0.0,0.0,0.0,1,0
778,0.0,3,0,72.0,79.0,82.0,0.0,0.0,0.0,0.0,1.0,0,1
779,1.0,2,0,94.0,85.0,82.0,0.0,0.0,1.0,0.0,0.0,0,1
780,0.0,2,1,46.0,56.0,57.0,0.0,0.0,1.0,0.0,0.0,1,0
781,0.0,5,1,77.0,90.0,84.0,0.0,1.0,0.0,0.0,0.0,0,1
782,0.0,1,0,76.0,85.0,82.0,0.0,0.0,0.0,1.0,0.0,1,0
783,0.0,2,0,52.0,59.0,62.0,0.0,0.0,0.0,1.0,0.0,0,1
784,1.0,4,0,91.0,81.0,79.0,0.0,0.0,0.0,0.0,1.0,0,1
785,0.0,0,0,32.0,51.0,44.0,0.0,1.0,0.0,0.0,0.0,0,1
786,0.0,0,1,72.0,79.0,77.0,0.0,0.0,0.0,0.0,1.0,1,0
788,1.0,2,1,68.0,65.0,61.0,0.0,0.0,0.0,0.0,1.0,1,0
789,0.0,5,1,52.0,65.0,61.0,0.0,0.0,0.0,0.0,1.0,1,0
790,0.0,1,1,48.0,62.0,60.0,0.0,0.0,1.0,0.0,0.0,0,1
791,0.0,3,1,60.0,66.0,70.0,0.0,0.0,1.0,0.0,0.0,1,0
792,1.0,1,1,66.0,74.0,69.0,0.0,0.0,1.0,0.0,0.0,1,0
793,1.0,0,0,89.0,84.0,77.0,0.0,0.0,0.0,0.0,1.0,0,1
794,0.0,1,1,42.0,52.0,51.0,0.0,1.0,0.0,0.0,0.0,0,1
795,0.0,2,0,57.0,68.0,73.0,0.0,0.0,1.0,0.0,0.0,1,0
796,1.0,1,1,70.0,70.0,70.0,1.0,0.0,0.0,0.0,0.0,0,1
797,0.0,2,1,70.0,84.0,81.0,0.0,0.0,0.0,1.0,0.0,1,0
798,1.0,3,1,69.0,60.0,54.0,0.0,0.0,0.0,0.0,1.0,0,1
799,0.0,2,1,52.0,55.0,57.0,0.0,0.0,1.0,0.0,0.0,0,1
800,1.0,0,0,67.0,73.0,68.0,0.0,1.0,0.0,0.0,0.0,0,1
801,1.0,0,0,76.0,80.0,73.0,1.0,0.0,0.0,0.0,0.0,0,1
802,0.0,2,1,87.0,94.0,95.0,1.0,0.0,0.0,0.0,0.0,0,1
803,0.0,3,1,82.0,85.0,87.0,0.0,0.0,1.0,0.0,0.0,0,1
804,0.0,3,1,73.0,76.0,78.0,0.0,0.0,0.0,0.0,1.0,0,1
805,1.0,3,1,75.0,81.0,74.0,0.0,0.0,1.0,0.0,0.0,1,0
806,0.0,3,1,64.0,74.0,75.0,0.0,1.0,0.0,0.0,0.0,1,0
807,0.0,1,1,41.0,45.0,40.0,1.0,0.0,0.0,0.0,0.0,1,0
808,1.0,1,1,90.0,75.0,69.0,0.0,0.0,0.0,1.0,0.0,0,1
809,1.0,4,1,59.0,54.0,51.0,0.0,1.0,0.0,0.0,0.0,0,1
810,1.0,0,1,51.0,31.0,36.0,0.0,0.0,1.0,0.0,0.0,0,1
811,1.0,1,1,45.0,47.0,49.0,1.0,0.0,0.0,0.0,0.0,1,0
812,0.0,5,0,54.0,64.0,67.0,0.0,0.0,0.0,1.0,0.0,0,1
813,1.0,0,0,87.0,84.0,76.0,0.0,0.0,0.0,0.0,1.0,0,1
814,0.0,1,1,72.0,80.0,83.0,0.0,1.0,0.0,0.0,0.0,0,1
815,1.0,0,0,94.0,86.0,87.0,0.0,0.0,1.0,0.0,0.0,0,1
816,0.0,4,1,45.0,59.0,64.0,0.0,0.0,1.0,0.0,0.0,0,1
817,1.0,4,0,61.0,70.0,76.0,0.0,0.0,1.0,0.0,0.0,1,0
818,0.0,1,1,60.0,72.0,68.0,0.0,0.0,1.0,0.0,0.0,1,0
819,0.0,0,1,77.0,91.0,88.0,0.0,0.0,0.0,1.0,0.0,0,1
820,0.0,0,0,85.0,90.0,92.0,0.0,1.0,0.0,0.0,0.0,0,1
821,0.0,4,1,78.0,90.0,93.0,1.0,0.0,0.0,0.0,0.0,1,0
822,1.0,3,0,49.0,52.0,51.0,0.0,0.0,1.0,0.0,0.0,1,0
823,0.0,1,1,71.0,87.0,82.0,1.0,0.0,0.0,0.0,0.0,1,0
824,0.0,0,1,48.0,58.0,52.0,0.0,1.0,0.0,0.0,0.0,1,0
825,1.0,1,1,62.0,67.0,58.0,0.0,1.0,0.0,0.0,0.0,0,1
826,0.0,2,0,56.0,68.0,70.0,0.0,0.0,1.0,0.0,0.0,1,0
827,0.0,0,1,65.0,69.0,76.0,0.0,0.0,0.0,0.0,1.0,0,1
828,0.0,0,0,69.0,86.0,81.0,1.0,0.0,0.0,0.0,0.0,1,0
829,1.0,0,1,68.0,54.0,53.0,0.0,1.0,0.0,0.0,0.0,0,1
830,0.0,3,1,61.0,60.0,57.0,0.0,0.0,1.0,0.0,0.0,1,0
831,0.0,4,0,74.0,86.0,89.0,0.0,0.0,0.0,1.0,0.0,1,0
832,1.0,4,1,64.0,60.0,58.0,0.0,0.0,1.0,0.0,0.0,0,1
833,0.0,1,0,77.0,82.0,89.0,0.0,1.0,0.0,0.0,0.0,0,1
834,1.0,3,1,58.0,50.0,45.0,0.0,0.0,0.0,1.0,0.0,0,1
835,0.0,1,0,60.0,64.0,74.0,0.0,0.0,0.0,0.0,1.0,0,1
836,1.0,1,1,73.0,64.0,57.0,0.0,0.0,1.0,0.0,0.0,0,1
837,0.0,1,0,75.0,82.0,79.0,0.0,0.0,0.0,1.0,0.0,0,1
838,1.0,2,0,58.0,57.0,53.0,0.0,0.0,1.0,0.0,0.0,1,0
839,0.0,2,1,66.0,77.0,73.0,0.0,0.0,0.0,1.0,0.0,0,1
840,0.0,1,1,39.0,52.0,46.0,0.0,0.0,1.0,0.0,0.0,1,0
841,1.0,0,1,64.0,58.0,51.0,1.0,0.0,0.0,0.0,0.0,0,1
843,1.0,3,0,74.0,77.0,76.0,0.0,0.0,0.0,0.0,1.0,1,0
844,0.0,0,0,40.0,65.0,64.0,0.0,0.0,1.0,0.0,0.0,1,0
845,1.0,5,1,90.0,85.0,84.0,0.0,1.0,0.0,0.0,0.0,0,1
846,1.0,5,0,91.0,85.0,85.0,0.0,1.0,0.0,0.0,0.0,0,1
847,1.0,1,1,64.0,54.0,50.0,0.0,0.0,1.0,0.0,0.0,0,1
848,0.0,1,1,59.0,72.0,68.0,0.0,1.0,0.0,0.0,0.0,0,1
849,1.0,2,1,80.0,75.0,69.0,0.0,0.0,1.0,0.0,0.0,0,1
850,1.0,5,1,71.0,67.0,67.0,0.0,0.0,1.0,0.0,0.0,0,1
851,0.0,1,1,61.0,68.0,63.0,0.0,0.0,0.0,0.0,1.0,0,1
852,0.0,3,1,87.0,85.0,93.0,0.0,0.0,0.0,1.0,0.0,0,1
853,1.0,0,1,82.0,67.0,61.0,0.0,0.0,1.0,0.0,0.0,0,1
854,1.0,0,1,62.0,64.0,55.0,0.0,0.0,1.0,0.0,0.0,0,1
855,0.0,4,1,97.0,97.0,96.0,0.0,0.0,0.0,1.0,0.0,0,1
856,1.0,3,1,75.0,68.0,65.0,0.0,0.0,1.0,0.0,0.0,1,0
857,0.0,4,1,65.0,79.0,81.0,0.0,1.0,0.0,0.0,0.0,0,1
858,1.0,1,0,52.0,49.0,46.0,0.0,0.0,0.0,0.0,1.0,0,1
859,1.0,2,1,87.0,73.0,72.0,0.0,0.0,1.0,0.0,0.0,1,0
860,0.0,2,1,53.0,62.0,53.0,0.0,1.0,0.0,0.0,0.0,0,1
861,0.0,5,1,81.0,86.0,87.0,0.0,0.0,1.0,0.0,0.0,1,0
862,1.0,4,0,39.0,42.0,38.0,0.0,1.0,0.0,0.0,0.0,1,0
863,0.0,3,0,71.0,71.0,80.0,0.0,0.0,0.0,0.0,1.0,0,1
864,1.0,2,1,97.0,93.0,91.0,0.0,0.0,1.0,0.0,0.0,0,1
865,1.0,3,0,82.0,82.0,88.0,0.0,0.0,1.0,0.0,0.0,0,1
866,1.0,1,1,59.0,53.0,52.0,0.0,0.0,0.0,1.0,0.0,1,0
867,1.0,2,1,61.0,42.0,41.0,0.0,0.0,1.0,0.0,0.0,0,1
868,1.0,2,0,78.0,74.0,72.0,0.0,0.0,0.0,1.0,0.0,1,0
869,1.0,2,1,49.0,51.0,51.0,0.0,0.0,0.0,1.0,0.0,1,0
870,1.0,1,1,59.0,58.0,47.0,0.0,0.0,1.0,0.0,0.0,0,1
871,0.0,3,0,70.0,72.0,76.0,0.0,0.0,0.0,0.0,1.0,0,1
872,1.0,2,0,82.0,84.0,78.0,0.0,1.0,0.0,0.0,0.0,0,1
873,1.0,2,1,90.0,90.0,82.0,0.0,0.0,0.0,1.0,0.0,1,0
874,0.0,4,1,43.0,62.0,61.0,0.0,0.0,0.0,0.0,1.0,1,0
875,1.0,3,1,80.0,64.0,66.0,0.0,0.0,1.0,0.0,0.0,1,0
876,1.0,3,1,81.0,82.0,84.0,0.0,0.0,0.0,0.0,1.0,0,1
877,1.0,0,1,57.0,61.0,54.0,0.0,0.0,1.0,0.0,0.0,0,1
878,0.0,0,1,59.0,72.0,80.0,0.0,0.0,0.0,1.0,0.0,0,1
879,0.0,2,1,64.0,76.0,74.0,0.0,0.0,0.0,1.0,0.0,0,1
880,1.0,4,0,63.0,64.0,66.0,0.0,0.0,0.0,0.0,1.0,0,1
881,0.0,4,0,71.0,70.0,70.0,0.0,0.0,0.0,0.0,1.0,0,1
882,0.0,1,1,64.0,73.0,71.0,1.0,0.0,0.0,0.0,0.0,1,0
883,1.0,4,1,55.0,46.0,44.0,0.0,0.0,0.0,1.0,0.0,1,0
884,0.0,2,1,51.0,51.0,54.0,0.0,0.0,0.0,0.0,1.0,0,1
885,0.0,2,0,62.0,76.0,80.0,0.0,0.0,0.0,0.0,1.0,0,1
886,0.0,2,0,93.0,100.0,95.0,0.0,1.0,0.0,0.0,0.0,0,1
887,1.0,1,1,54.0,72.0,59.0,0.0,1.0,0.0,0.0,0.0,1,0
888,0.0,3,1,69.0,65.0,74.0,0.0,0.0,0.0,1.0,0.0,1,0
889,1.0,1,1,44.0,51.0,48.0,0.0,0.0,0.0,1.0,0.0,1,0
890,0.0,3,0,86.0,85.0,91.0,0.0,0.0,0.0,1.0,0.0,0,1
891,0.0,2,1,85.0,92.0,85.0,0.0,0.0,1.0,0.0,0.0,0,1
892,0.0,5,1,50.0,67.0,73.0,1.0,0.0,0.0,0.0,0.0,1,0
893,1.0,0,0,88.0,74.0,75.0,0.0,0.0,0.0,1.0,0.0,0,1
894,0.0,2,1,59.0,62.0,69.0,0.0,0.0,0.0,1.0,0.0,0,1
895,0.0,0,1,32.0,34.0,38.0,0.0,0.0,0.0,1.0,0.0,1,0
896,1.0,1,1,36.0,29.0,27.0,0.0,1.0,0.0,0.0,0.0,1,0
897,0.0,0,0,63.0,78.0,79.0,0.0,0.0,0.0,1.0,0.0,1,0
898,1.0,2,0,67.0,54.0,63.0,0.0,0.0,1.0,0.0,0.0,0,1
899,0.0,0,0,65.0,78.0,82.0,0.0,0.0,0.0,0.0,1.0,0,1
900,1.0,5,1,85.0,84.0,89.0,0.0,0.0,0.0,1.0,0.0,0,1
901,0.0,5,1,73.0,78.0,74.0,1.0,0.0,0.0,0.0,0.0,0,1
902,0.0,1,0,34.0,48.0,41.0,0.0,0.0,1.0,0.0,0.0,1,0
903,0.0,4,0,93.0,100.0,100.0,0.0,0.0,1.0,0.0,0.0,1,0
904,0.0,0,1,67.0,84.0,84.0,0.0,1.0,0.0,0.0,0.0,1,0
905,1.0,3,1,88.0,77.0,77.0,0.0,0.0,0.0,0.0,1.0,0,1
906,1.0,1,1,57.0,48.0,51.0,0.0,0.0,0.0,0.0,1.0,0,1
907,0.0,3,0,79.0,84.0,91.0,0.0,0.0,1.0,0.0,0.0,0,1
908,0.0,4,1,67.0,75.0,72.0,0.0,0.0,1.0,0.0,0.0,1,0
909,1.0,4,0,70.0,64.0,70.0,0.0,1.0,0.0,0.0,0.0,0,1
910,1.0,4,1,50.0,42.0,48.0,0.0,0.0,0.0,1.0,0.0,1,0
911,0.0,3,1,69.0,84.0,82.0,0.0,0.0,1.0,0.0,0.0,0,1
912,0.0,4,0,52.0,61.0,66.0,0.0,0.0,0.0,1.0,0.0,0,1
913,0.0,4,0,47.0,62.0,66.0,0.0,1.0,0.0,0.0,0.0,1,0
914,0.0,2,1,46.0,61.0,55.0,0.0,0.0,0.0,1.0,0.0,1,0
915,0.0,3,1,68.0,70.0,66.0,0.0,0.0,0.0,0.0,1.0,0,1
916,1.0,4,0,100.0,100.0,100.0,0.0,0.0,0.0,0.0,1.0,0,1
917,0.0,1,1,44.0,61.0,52.0,0.0,0.0,0.0,1.0,0.0,0,1
918,0.0,2,0,57.0,77.0,80.0,0.0,0.0,0.0,0.0,1.0,0,1
919,1.0,3,0,91.0,96.0,91.0,0.0,0.0,1.0,0.0,0.0,0,1
920,1.0,1,1,69.0,70.0,67.0,0.0,0.0,1.0,0.0,0.0,1,0
921,0.0,1,1,35.0,53.0,46.0,0.0,0.0,0.0,1.0,0.0,1,0
922,1.0,1,1,72.0,66.0,66.0,0.0,0.0,0.0,1.0,0.0,0,1
923,0.0,2,1,54.0,65.0,65.0,0.0,0.0,1.0,0.0,0.0,1,0
924,1.0,1,1,74.0,70.0,69.0,0.0,0.0,1.0,0.0,0.0,1,0
925,1.0,0,0,74.0,64.0,60.0,0.0,0.0,0.0,1.0,0.0,0,1
926,1.0,2,1,64.0,56.0,52.0,1.0,0.0,0.0,0.0,0.0,1,0
927,0.0,1,0,65.0,61.0,71.0,0.0,0.0,0.0,0.0,1.0,1,0
928,1.0,2,0,46.0,43.0,44.0,0.0,0.0,0.0,1.0,0.0,1,0
929,0.0,0,1,48.0,56.0,51.0,0.0,0.0,0.0,1.0,0.0,1,0
930,1.0,3,0,67.0,74.0,70.0,0.0,0.0,1.0,0.0,0.0,1,0
931,1.0,3,1,62.0,57.0,62.0,0.0,0.0,0.0,1.0,0.0,1,0
932,1.0,2,0,61.0,71.0,73.0,0.0,0.0,1.0,0.0,0.0,1,0
933,1.0,4,0,70.0,75.0,74.0,1.0,0.0,0.0,0.0,0.0,1,0
934,1.0,2,0,98.0,87.0,90.0,0.0,1.0,0.0,0.0,0.0,0,1
935,1.0,3,1,70.0,63.0,58.0,0.0,0.0,1.0,0.0,0.0,1,0
936,1.0,2,1,67.0,57.0,53.0,0.0,1.0,0.0,0.0,0.0,0,1
937,0.0,1,1,57.0,58.0,57.0,0.0,0.0,0.0,1.0,0.0,1,0
938,1.0,3,0,85.0,81.0,85.0,0.0,1.0,0.0,0.0,0.0,0,1
939,1.0,0,0,77.0,68.0,69.0,0.0,0.0,0.0,0.0,1.0,0,1
940,1.0,5,0,72.0,66.0,72.0,0.0,0.0,0.0,0.0,1.0,1,0
941,0.0,5,1,78.0,91.0,96.0,0.0,0.0,0.0,1.0,0.0,0,1
942,1.0,1,1,81.0,66.0,64.0,0.0,0.0,0.0,0.0,1.0,0,1
943,1.0,0,0,61.0,62.0,61.0,0.0,0.0,1.0,0.0,0.0,1,0
944,0.0,1,1,58.0,68.0,61.0,0.0,0.0,1.0,0.0,0.0,0,1
945,0.0,2,1,54.0,61.0,58.0,0.0,0.0,0.0,0.0,1.0,0,1
946,1.0,1,1,82.0,82.0,80.0,0.0,0.0,1.0,0.0,0.0,0,1
947,0.0,3,1,49.0,58.0,60.0,0.0,0.0,0.0,1.0,0.0,1,0
948,1.0,0,0,49.0,50.0,52.0,0.0,0.0,0.0,1.0,0.0,1,0
949,0.0,1,0,57.0,75.0,73.0,0.0,0.0,1.0,0.0,0.0,1,0
950,1.0,1,1,94.0,73.0,71.0,1.0,0.0,0.0,0.0,0.0,0,1
951,0.0,3,0,75.0,77.0,83.0,0.0,0.0,0.0,1.0,0.0,0,1
952,0.0,0,1,74.0,74.0,72.0,0.0,0.0,0.0,0.0,1.0,1,0
953,1.0,1,0,58.0,52.0,54.0,0.0,0.0,1.0,0.0,0.0,0,1
954,0.0,3,1,62.0,69.0,69.0,0.0,0.0,0.0,1.0,0.0,0,1
955,1.0,2,1,72.0,57.0,62.0,0.0,0.0,0.0,1.0,0.0,0,1
956,1.0,3,1,84.0,87.0,81.0,1.0,0.0,0.0,0.0,0.0,0,1
957,0.0,5,1,92.0,100.0,100.0,0.0,0.0,1.0,0.0,0.0,0,1
958,0.0,1,1,45.0,63.0,59.0,0.0,0.0,0.0,0.0,1.0,0,1
959,1.0,1,1,75.0,81.0,71.0,0.0,1.0,0.0,0.0,0.0,0,1
960,0.0,3,1,56.0,58.0,64.0,0.0,0.0,0.0,1.0,0.0,0,1
961,0.0,0,1,48.0,54.0,53.0,0.0,0.0,1.0,0.0,0.0,1,0
962,0.0,2,1,100.0,100.0,100.0,1.0,0.0,0.0,0.0,0.0,0,1
963,0.0,0,0,65.0,76.0,75.0,0.0,0.0,0.0,1.0,0.0,1,0
964,1.0,3,1,72.0,57.0,58.0,1.0,0.0,0.0,0.0,0.0,0,1
965,0.0,3,1,62.0,70.0,72.0,0.0,0.0,1.0,0.0,0.0,0,1
966,1.0,0,0,66.0,68.0,64.0,0.0,1.0,0.0,0.0,0.0,0,1
967,1.0,3,1,63.0,63.0,60.0,0.0,0.0,1.0,0.0,0.0,0,1
968,0.0,2,1,68.0,76.0,67.0,0.0,0.0,0.0,1.0,0.0,0,1
969,0.0,4,1,75.0,84.0,80.0,0.0,0.0,1.0,0.0,0.0,0,1
970,0.0,4,1,89.0,100.0,100.0,0.0,0.0,0.0,1.0,0.0,0,1
971,1.0,0,0,78.0,72.0,69.0,0.0,1.0,0.0,0.0,0.0,0,1
972,0.0,1,0,53.0,50.0,60.0,1.0,0.0,0.0,0.0,0.0,1,0
973,0.0,3,1,49.0,65.0,61.0,0.0,0.0,1.0,0.0,0.0,1,0
974,0.0,3,1,54.0,63.0,67.0,1.0,0.0,0.0,0.0,0.0,0,1
975,0.0,3,0,64.0,82.0,77.0,0.0,0.0,1.0,0.0,0.0,0,1
976,1.0,3,0,60.0,62.0,60.0,0.0,0.0,0.0,0.0,1.0,1,0
977,1.0,2,1,62.0,65.0,58.0,1.0,0.0,0.0,0.0,0.0,0,1
978,1.0,1,0,55.0,41.0,48.0,0.0,0.0,0.0,1.0,0.0,0,1
979,0.0,2,1,91.0,95.0,94.0,0.0,0.0,0.0,0.0,1.0,0,1
981,1.0,0,1,81.0,78.0,78.0,0.0,0.0,0.0,1.0,0.0,0,1
982,1.0,0,0,79.0,85.0,86.0,0.0,0.0,0.0,1.0,0.0,0,1
983,0.0,3,0,78.0,87.0,91.0,1.0,0.0,0.0,0.0,0.0,0,1
984,0.0,0,1,74.0,75.0,82.0,0.0,0.0,0.0,0.0,1.0,0,1
985,1.0,1,1,57.0,51.0,54.0,0.0,0.0,1.0,0.0,0.0,0,1
986,0.0,2,1,40.0,59.0,51.0,0.0,0.0,1.0,0.0,0.0,0,1
987,1.0,0,0,81.0,75.0,76.0,0.0,0.0,0.0,1.0,0.0,0,1
988,0.0,0,1,44.0,45.0,45.0,0.0,0.0,0.0,1.0,0.0,1,0
